pointid,grid_code,b1_tca_med,b2_tca_med,b3_tca_med,b4_tca_med,b5_tca_med,b6_tca_med,b7_tca_med,b8_tca_med,b9_tca_med,b10_tca_me,b11_tca_me,b12_tca_me,b13_tca_me,b14_tca_me,b15_tca_me,b16_tca_me,b17_tca_me,b18_tca_me,b19_tca_me,b20_tca_me,b21_tca_me,b22_tca_me,b23_tca_me,b24_tca_me,b25_tca_me,b26_tca_me,b27_tca_me,b28_tca_me,b29_tca_me,b30_tca_me,b31_tca_me,b32_tca_me,b33_tca_me,b34_tca_me,b35_tca_me,b36_tca_me,b37_tca_me,b38_tca_me,b39_tca_me,b40_tca_me,b41_tca_me,b42_tca_me,b43_tca_me,b44_tca_me,b45_tca_me,b46_tca_me,geometry
12112,0.881785,3706,3828,3664,3784,3550,3803,3674,3598,3759,3756,3894,3834,3924,3881,3726,0,3982,3937,4010,3799,3823,3848,3919,3944,4041,0,3530,3713,3921,3960,3709,4019,3893,4018,3981,3928,4061,3791,3951,3996,3880,3835,3938,3951,3752,3994,POINT Z (571200 4865340 0)
12113,0.884278,3734,3833,3585,3790,3674,3812,3675,3593,3766,3727,3927,3848,3986,3876,3750,0,3948,3927,3992,3798,3854,3816,3930,3972,4072,0,3546,3828,3890,4000,3764,4048,3923,3918,3984,3975,4083,3852,3938,3994,3871,3902,3954,3931,3781,3974,POINT Z (571230 4865340 0)
12114,0.884434,3749,3873,3666,3809,3746,3853,3689,3618,3807,3748,3971,3832,3982,3853,3802,0,3890,3867,4020,3770,3853,3816,3914,3954,4094,0,3581,3714,3902,3982,3840,4022,3916,3990,3998,4012,4083,3845,3962,3985,3765,3681,3851,3204,3698,3916,POINT Z (571260 4865340 0)
12406,0.879503,3739,3864,3711,3837,3530,3776,3674,3656,3728,3812,3972,3846,3961,3885,3758,0,3972,3909,4010,3803,3812,3838,3934,3966,4011,0,3536,3703,3884,4016,3734,3996,3898,4018,3978,3876,4001,3836,3883,3925,3825,3880,3932,3956,3756,3976,POINT Z (571200 4865310 0)
12407,0.881051,3785,3902,3673,3798,3659,3816,3734,3654,3842,3816,3966,3814,4006,3936,3814,0,3962,3932,4036,3808,3893,3872,3996,4010,4096,0,3584,3826,3908,4068,3810,4038,3921,3971,4007,3949,4034,3832,3932,3929,3854,3924,3960,3974,3773,3998,POINT Z (571230 4865310 0)
12408,0.882202,3803,3951,3737,3808,3742,3884,3767,3708,3877,3891,3977,3867,4034,3883,3856,0,3989,3936,4061,3798,3908,3848,3966,4054,4138,0,3621,3862,3901,4033,3812,4040,3916,3955,4002,3952,3991,3805,3918,4022,3858,3894,3951,3938,3776,4002,POINT Z (571260 4865310 0)
12703,0.863856,3760,3914,3747,3871,3469,3802,3764,3690,3743,3786,3993,3864,3980,3870,3783,0,3999,3858,3996,3828,3864,3865,3964,4005,4072,2975,3595,3804,3944,4040,3790,4040,3929,4014,4014,3902,4003,3711,3868,3913,3724,4011,4030,4087,3830,4076,POINT Z (571200 4865280 0)
12704,0.87996,3786,3946,3719,3820,3651,3813,3767,3694,3821,3796,3956,3863,4002,3908,3840,0,4016,3918,4016,3802,3922,3886,3949,3993,4098,0,3616,3948,3906,4030,3796,4010,3871,3994,4004,3966,4029,3737,3864,3961,3848,3953,3942,4004,3789,4030,POINT Z (571230 4865280 0)
12705,0.881218,3805,3990,3741,3800,3748,3883,3806,3761,3846,3916,3940,3894,4062,3940,3873,0,4037,3973,4064,3817,3909,3867,3950,4033,4088,0,3634,3844,3904,4010,3863,4056,3912,3965,4048,3936,4004,3781,3884,3978,3843,3889,3890,3958,3775,4003,POINT Z (571260 4865280 0)
44914,0.719154,2907,3495,3099,3397,2986,3315,3200,3291,3113,3596,3257,3310,3558,3436,3420,1950,3472,3584,3652,3566,3510,3530,3579,3637,3729,0,3514,3344,3781,3634,3262,3527,3347,3421,3516,3616,3713,3349,3583,3341,3168,3028,3302,3223,3008,2935,POINT Z (573960.015501 4862610 0)
44915,0.73401,2980,3529,3188,3483,3004,3354,3297,3313,3225,3647,3398,3446,3639,3604,3504,2022,3607,3652,3768,3686,3628,3655,3710,3827,3888,0,3608,3504,3910,3844,3534,3744,3526,3727,3732,3740,3845,3700,3811,3695,3420,3328,3578,3439,3261,3240,POINT Z (573990.015501 4862610 0)
44916,0.764239,3054,3426,3129,3398,2975,3272,3214,3229,3382,3476,3452,3486,3594,3632,3462,0,3598,3644,3793,3629,3642,3580,3769,3885,4026,0,3628,3562,3943,3848,3625,3822,3604,3891,3910,3844,3932,3805,3883,3867,3579,3460,3648,3578,3459,3465,POINT Z (574020.015501 4862610 0)
45372,0.734249,2892,3378,3024,3400,2964,3262,3171,3207,2988,3552,3301,3279,3536,3430,3380,1868,3470,3531,3618,3591,3437,3448,3537,3698,3751,0,3454,3336,3782,3682,3410,3656,3487,3670,3546,3660,3759,3583,3647,3449,3282,3150,3446,3395,3319,3134,POINT Z (573960.015501 4862580 0)
45373,0.740422,2964,3431,3125,3436,2937,3311,3212,3220,3104,3604,3385,3352,3600,3546,3433,1907,3564,3584,3710,3636,3540,3546,3628,3709,3788,0,3510,3398,3877,3744,3511,3712,3497,3700,3656,3700,3788,3691,3735,3653,3382,3296,3592,3494,3477,3276,POINT Z (573990.015501 4862580 0)
45374,0.761242,3172,3481,3212,3497,3032,3377,3225,3298,3326,3557,3529,3494,3692,3709,3558,0,3654,3668,3790,3643,3650,3573,3769,3836,3961,0,3574,3533,3911,3784,3535,3758,3562,3814,3774,3822,3773,3763,3686,3772,3424,3367,3592,3574,3602,3401,POINT Z (574020.015501 4862580 0)
45611,0.836789,3764,3842,3651,3732,3721,3662,3656,3754,3500,3670,3508,3755,3789,3733,3744,2506,3937,3942,4028,3883,3875,3927,3910,3983,4056,3803,3803,3835,3840,3977,3621,3921,3864,3876,3981,3865,3903,3803,3907,4058,3820,3769,3777,3965,3451,3867,POINT Z (584340 4862580 0)
45612,0.834924,3733,3809,3640,3717,3672,3607,3643,3764,3473,3724,3538,3732,3713,3670,3700,2404,3950,3948,4020,3836,3882,3927,3840,3982,4043,3802,3726,3835,3834,3937,3616,3930,3921,3880,3978,3884,3893,3844,4003,4126,3842,3790,3822,3988,3570,3928,POINT Z (584370 4862580 0)
45613,0.839936,3730,3749,3610,3679,3606,3614,3617,3723,3471,3818,3610,3696,3728,3676,3652,2245,3940,3890,4030,3811,3828,3876,3894,3910,3996,3852,3746,3838,3865,4014,3696,3998,3944,3950,4016,3994,3901,3898,4054,4152,3827,3778,3836,4038,3635,3955,POINT Z (584400 4862580 0)
45834,0.756341,2861,3207,2902,3361,2973,3209,3085,3121,2953,3482,3238,3196,3432,3378,3282,1647,3355,3450,3522,3396,3347,3258,3431,3538,3700,0,3486,3312,3779,3576,3318,3648,3355,3527,3508,3532,3654,3556,3545,3497,3248,3176,3407,3411,3399,3195,POINT Z (573960.015501 4862550 0)
45835,0.758028,2868,3222,2859,3276,2849,3185,3022,3070,2937,3460,3199,3154,3385,3376,3256,1568,3386,3390,3504,3415,3360,3310,3395,3678,3727,0,3404,3304,3807,3591,3332,3624,3342,3594,3530,3558,3649,3550,3627,3472,3266,3168,3410,3396,3418,3245,POINT Z (573990.015501 4862550 0)
45836,0.766958,3145,3342,3012,3358,2992,3316,3115,3184,3199,3469,3384,3350,3519,3494,3336,0,3514,3492,3620,3485,3442,3490,3581,3677,3779,0,3522,3331,3702,3644,3326,3596,3471,3640,3619,3570,3667,3604,3633,3575,3345,3216,3436,3479,3536,3328,POINT Z (574020.015501 4862550 0)
46080,0.819027,3660,3734,3597,3677,3641,3565,3596,3669,3416,3591,3400,3716,3712,3626,3671,2439,3817,3873,3962,3806,3780,3866,3857,3909,4028,3731,3748,3811,3834,3946,3604,3848,3852,3841,3969,3782,3824,3744,3883,4050,3810,3804,3762,3958,3132,3805,POINT Z (584340 4862550 0)
46081,0.822113,3590,3675,3525,3620,3574,3488,3529,3660,3355,3608,3426,3656,3620,3546,3612,2318,3822,3838,3894,3746,3716,3816,3800,3852,4009,3725,3692,3758,3828,3812,3508,3848,3818,3841,3961,3802,3781,3703,3920,4038,3845,3815,3804,4003,3296,3884,POINT Z (584370 4862550 0)
46082,0.830794,3628,3678,3529,3638,3543,3527,3546,3684,3386,3730,3550,3612,3681,3633,3630,2216,3880,3820,3946,3736,3777,3854,3760,3933,4011,3831,3697,3785,3825,3910,3555,3937,3910,3935,4024,3894,3935,3807,4040,4116,3846,3750,3808,4026,3468,3975,POINT Z (584400 4862550 0)
46555,0.813404,3612,3680,3569,3663,3585,3597,3551,3603,3398,3584,3389,3674,3685,3648,3646,2367,3822,3887,3942,3813,3707,3821,3886,3885,3988,3800,3765,3824,3830,3910,3598,3734,3782,3798,3912,3713,3807,3699,3882,4010,3776,3722,3684,3863,3265,3753,POINT Z (584340 4862520 0)
46556,0.817464,3574,3654,3509,3623,3568,3560,3506,3627,3367,3607,3450,3668,3655,3592,3633,2290,3812,3830,3888,3750,3705,3814,3856,3962,3963,3722,3815,3754,3801,3962,3576,3815,3814,3867,3928,3762,3755,3679,3937,4006,3822,3768,3803,3982,3340,3852,POINT Z (584370 4862520 0)
46557,0.826138,3574,3628,3450,3609,3531,3542,3532,3646,3344,3670,3549,3578,3696,3621,3648,2209,3814,3795,3918,3742,3748,3807,3823,3903,3942,3760,3737,3672,3826,3938,3515,3950,3855,3956,3976,3850,3852,3760,3971,4094,3842,3714,3810,3980,3516,3936,POINT Z (584400 4862520 0)
112919,0.821057,3499,3138,2988,3128,2484,3334,3277,3062,3274,3422,3520,3524,3670,3714,3600,1798,3745,3442,3794,3643,3677,3691,3758,3868,4004,0,3636,3530,3599,3842,3244,3704,3586,3435,3636,3637,3666,3516,3497,3826,3306,3154,2977,3237,3163,3344,POINT Z (575490 4859160 0)
112920,0.821725,3491,3335,3150,3216,2770,3404,3372,3143,3351,3475,3577,3546,3652,3737,3544,1839,3707,3474,3723,3633,3643,3710,3682,3829,3894,0,3555,3595,3628,3783,3321,3756,3640,3533,3622,3661,3699,3584,3537,3772,3377,3230,3036,3321,3242,3422,POINT Z (575520 4859160 0)
112921,0.831284,3416,3466,3131,3262,2955,3459,3449,3254,3360,3496,3509,3528,3625,3727,3594,1917,3730,3592,3738,3608,3634,3607,3672,3776,3926,0,3588,3633,3590,3792,3408,3816,3694,3623,3702,3724,3736,3702,3717,3833,3470,3350,3304,3510,3382,3504,POINT Z (575550 4859160 0)
113531,0.813909,3433,3314,3103,3255,2584,3326,3330,3056,3191,3339,3436,3472,3606,3734,3582,1880,3474,3514,3726,3647,3588,3507,3618,3770,3934,0,3634,3630,3580,3764,3294,3682,3646,3594,3638,3609,3656,3480,3530,3841,3304,3245,3197,3376,3254,3348,POINT Z (575490 4859130 0)
113532,0.815944,3402,3350,3056,3254,2790,3278,3347,3118,3252,3422,3448,3444,3579,3740,3597,1806,3592,3571,3686,3616,3577,3620,3654,3774,3952,0,3544,3676,3558,3756,3246,3670,3620,3526,3656,3681,3652,3661,3569,3773,3380,3248,3223,3419,3287,3454,POINT Z (575520 4859130 0)
113533,0.828277,3376,3450,3051,3352,2991,3347,3385,3254,3316,3500,3419,3494,3605,3704,3602,1872,3691,3654,3717,3640,3611,3604,3700,3791,3973,0,3594,3636,3649,3745,3326,3662,3642,3543,3724,3689,3649,3644,3705,3895,3508,3424,3444,3572,3448,3596,POINT Z (575550 4859130 0)
114065,0.874397,3867,3867,3759,3810,3716,3882,3706,3708,3758,3779,3739,3805,4015,4106,4009,2427,3864,3796,4159,3912,3902,4022,4070,4034,4194,0,3948,3750,3967,4078,3915,4108,4013,4031,4098,4008,4078,3894,3918,4028,3902,3991,3935,4108,3930,3786,POINT Z (573150 4859100 0)
114066,0.872232,3734,3823,3689,3733,3677,3783,3721,3627,3701,3731,3689,3794,3960,4069,4003,2446,3854,3768,4143,3838,3898,3980,4086,4032,4126,0,3896,3711,3955,4080,3813,4099,4009,3928,4034,4023,4099,3862,3966,3975,3854,3952,3907,4106,3842,3742,POINT Z (573180 4859100 0)
114067,0.869588,3737,3859,3712,3761,3698,3791,3753,3665,3744,3751,3715,3822,4018,4076,4024,2480,3869,3796,4136,3884,3940,3977,4039,4045,4143,0,3916,3743,3956,4060,3825,4106,3998,3971,4050,3959,4002,3807,3944,3964,3850,3963,3904,4103,3845,3738,POINT Z (573210 4859100 0)
114143,0.791604,3351,3403,3105,3247,2594,3265,3294,3055,3226,3307,3403,3410,3456,3738,3539,1919,3384,3610,3698,3570,3576,3516,3638,3704,3777,0,3634,3638,3574,3825,3404,3706,3710,3594,3608,3699,3709,3625,3654,3923,3448,3387,3384,3523,3418,3499,POINT Z (575490 4859100 0)
114144,0.817945,3277,3343,3004,3267,2691,3185,3292,3078,3166,3387,3405,3390,3448,3740,3575,1766,3525,3590,3640,3503,3564,3550,3596,3740,3804,0,3576,3564,3522,3748,3316,3686,3696,3545,3720,3740,3656,3642,3624,3938,3504,3438,3370,3573,3433,3621,POINT Z (575520 4859100 0)
114145,0.838323,3352,3480,3083,3429,2998,3336,3396,3278,3327,3562,3465,3476,3522,3843,3538,1888,3686,3743,3792,3640,3693,3719,3735,3837,3936,0,3652,3660,3652,3802,3421,3746,3704,3678,3788,3714,3800,3740,3790,3969,3671,3576,3562,3709,3619,3780,POINT Z (575550 4859100 0)
114680,0.878012,3837,3861,3697,3791,3652,3853,3692,3641,3779,3742,3699,3714,3986,4052,4006,2413,3878,3779,4132,3864,3880,4008,4038,4081,4182,0,3891,3722,3999,3978,3832,4110,4046,4026,4046,4008,4063,3871,3892,4014,3846,3960,3920,4084,3924,3730,POINT Z (573150 4859070 0)
114681,0.875178,3811,3838,3657,3745,3639,3817,3702,3608,3746,3724,3694,3786,3996,4108,4051,2465,3868,3776,4138,3850,3900,3984,4048,4047,4151,0,3903,3796,3997,4091,3811,4077,4056,3973,4056,4004,4089,3830,3882,4016,3844,3950,3924,4072,3856,3694,POINT Z (573180 4859070 0)
114682,0.871112,3780,3830,3656,3724,3647,3807,3700,3611,3737,3709,3712,3801,3977,4098,4023,2458,3824,3778,4126,3852,3885,3976,4012,4042,4186,0,3932,3781,3962,4075,3852,4088,4057,3996,4061,3957,4093,3838,3966,4009,3858,3940,3906,4068,3859,3708,POINT Z (573210 4859070 0)
115290,0.87919,3877,3894,3696,3820,3654,3868,3727,3662,3812,3762,3739,3756,4030,4084,4060,2436,3948,3768,4152,3898,3902,4016,4072,4065,4149,0,3950,3796,3990,4103,3830,4121,4060,4039,4074,4022,4073,3857,3914,4036,3847,3948,3902,4064,3913,3701,POINT Z (573150 4859040 0)
115291,0.877022,3886,3884,3690,3780,3644,3867,3729,3655,3803,3767,3760,3794,4036,4114,4034,2473,3870,3782,4150,3878,3900,4018,4065,4042,4172,0,3935,3758,3971,4143,3843,4151,4058,4032,4058,4000,4099,3791,3952,4042,3850,3930,3885,4088,3865,3718,POINT Z (573180 4859040 0)
115292,0.872968,3875,3888,3713,3760,3682,3880,3761,3674,3808,3766,3795,3818,4052,4130,4079,2475,3838,3810,4140,3851,3922,3998,4064,4016,4142,0,3918,3812,4004,4112,3861,4144,4030,4009,4005,3951,4106,3804,3940,4006,3864,3923,3890,4056,3844,3660,POINT Z (573210 4859040 0)
125831,0.824645,3505,3558,3357,3545,3339,3496,3395,3269,3358,3643,3438,3470,3544,3700,3463,0,3668,3573,3786,3516,3585,3636,3806,3706,3831,3744,3544,3708,3738,3854,3528,3790,3700,3754,3846,3788,3882,3660,3726,3964,3367,3464,3471,3408,3684,2838,POINT Z (569250 4858560 0)
125832,0.808204,3433,3546,3248,3414,3224,3435,3220,3177,3319,3426,3368,3358,3502,3691,3465,0,3642,3489,3712,3564,3502,3603,3692,3747,3830,3619,3427,3632,3603,3866,3453,3653,3630,3689,3716,3677,3777,3553,3714,3803,3291,3306,3398,3296,3575,2722,POINT Z (569280 4858560 0)
125833,0.788596,3335,3465,3141,3283,3124,3330,3071,3065,3236,3252,3199,3194,3392,3636,3368,0,3506,3424,3618,3454,3436,3488,3591,3522,3701,3536,3338,3521,3640,3705,3387,3496,3442,3600,3598,3604,3542,3404,3186,3690,3186,3238,3265,3176,3418,2580,POINT Z (569310 4858560 0)
126571,0.813016,3812,3740,3501,3688,3546,3675,3518,3475,3596,3826,3653,3640,3720,3948,3644,0,3836,3638,3903,3739,3704,3762,3790,3779,3903,3790,3658,3694,3690,3855,3591,3799,3746,3702,3858,3818,3906,3640,3729,3923,3468,3458,3496,3438,3690,2840,POINT Z (569250 4858530 0)
126572,0.803028,3701,3656,3440,3565,3312,3627,3397,3348,3520,3657,3559,3506,3664,3826,3568,0,3742,3557,3828,3716,3635,3680,3735,3793,3842,3662,3549,3698,3714,3823,3488,3618,3650,3627,3726,3738,3750,3585,3596,3838,3350,3362,3442,3356,3612,2762,POINT Z (569280 4858530 0)
126573,0.793475,3536,3516,3274,3400,3154,3471,3253,3202,3364,3465,3406,3300,3530,3732,3431,0,3596,3434,3676,3556,3506,3528,3609,3681,3784,3570,3430,3580,3601,3796,3379,3534,3572,3567,3666,3638,3638,3469,3566,3748,3302,3304,3343,3269,3525,2706,POINT Z (569310 4858530 0)
127319,0.812298,3689,3607,3333,3507,3300,3524,3372,3326,3470,3662,3458,3455,3604,3659,3510,0,3597,3402,3745,3580,3567,3569,3636,3666,3776,3614,3562,3633,3610,3824,3503,3630,3610,3609,3732,3705,3794,3612,3729,3892,3350,3363,3388,3325,3555,2776,POINT Z (569250 4858500 0)
127320,0.805965,3660,3540,3337,3467,3197,3508,3305,3270,3438,3590,3484,3378,3568,3732,3554,0,3614,3428,3741,3562,3528,3540,3652,3634,3763,3644,3422,3587,3530,3728,3380,3610,3522,3625,3672,3600,3720,3552,3720,3816,3294,3342,3386,3319,3565,2714,POINT Z (569280 4858500 0)
127321,0.801369,3514,3400,3193,3357,3062,3386,3172,3147,3305,3430,3393,3220,3460,3606,3372,0,3471,3330,3598,3438,3426,3418,3563,3554,3687,3560,3416,3442,3515,3615,3352,3457,3464,3502,3551,3509,3613,3513,3704,3696,3300,3262,3350,3262,3568,2690,POINT Z (569310 4858500 0)
212995,0.884002,3224,3402,3274,3548,3483,3572,3472,3682,3622,3554,3502,3712,3836,3938,3261,1995,3863,3810,3928,3750,3763,3840,3881,4003,4098,3818,3990,3585,3894,3947,3718,3946,3956,3956,4005,3922,4060,4101,3932,4008,3899,3818,3871,4086,3910,3986,POINT Z (578339.965499 4855380 0)
212996,0.875503,3194,3342,3167,3501,3427,3491,3366,3686,3546,3479,3465,3599,3797,3892,3237,1909,3764,3734,3820,3690,3677,3739,3862,3959,4092,3774,3948,3498,3816,3859,3678,3896,3963,3933,3981,3882,4095,4095,3867,3970,3856,3794,3862,4048,3898,3942,POINT Z (578369.965499 4855380 0)
212997,0.868029,3259,3407,3190,3515,3402,3465,3333,3776,3496,3522,3370,3519,3866,3920,3248,1964,3733,3776,3804,3696,3644,3704,3862,3940,4022,3647,3948,3524,3788,3879,3594,3852,3957,3908,3959,3798,4001,4057,3747,3978,3785,3734,3808,4010,3800,3981,POINT Z (578399.965499 4855380 0)
213855,0.881931,3429,3509,3340,3608,3526,3521,3532,3801,3697,3588,3674,3628,3864,3934,3364,2038,3857,3822,3912,3793,3745,3764,3862,3953,4080,3726,3990,3619,3867,3966,3698,3914,3930,3853,3986,3886,4036,4091,3830,3988,3854,3765,3846,4042,3866,3965,POINT Z (578339.965499 4855350 0)
213856,0.873699,3454,3547,3341,3671,3561,3573,3555,3904,3719,3629,3589,3638,3907,3924,3371,2071,3896,3858,3950,3806,3769,3775,3858,3974,4111,3800,3980,3552,3779,3987,3750,3902,3876,4043,3995,3867,4100,4108,3888,4010,3858,3743,3845,4036,3840,3929,POINT Z (578369.965499 4855350 0)
213857,0.864942,3333,3525,3342,3637,3556,3577,3519,3936,3631,3653,3487,3518,3860,3896,3283,2054,3832,3805,3930,3696,3742,3682,3840,3928,4037,3830,3924,3426,3770,3988,3683,3910,3906,3986,3942,3878,4027,4098,3918,3994,3818,3743,3822,4025,3778,3922,POINT Z (578399.965499 4855350 0)
214730,0.876572,3414,3565,3310,3599,3440,3499,3514,3775,3657,3561,3639,3485,3794,3872,3307,1942,3786,3717,3838,3705,3646,3608,3716,3861,4024,3652,3893,3446,3801,3869,3674,3895,3855,3856,3830,3772,4032,4056,3836,3948,3800,3702,3779,3984,3745,3875,POINT Z (578339.965499 4855320 0)
214731,0.865722,3456,3636,3405,3715,3574,3601,3606,3925,3710,3639,3534,3527,3894,3933,3354,2049,3868,3839,3913,3760,3746,3704,3791,3898,4120,3725,3961,3557,3811,3951,3707,3931,3880,3899,3919,3802,4028,4099,3845,3931,3772,3691,3792,3932,3714,3858,POINT Z (578369.965499 4855320 0)
214732,0.857315,3292,3591,3367,3705,3563,3603,3607,3911,3653,3676,3495,3492,3880,3860,3319,2136,3812,3852,3887,3692,3732,3713,3835,3916,4076,3710,3506,3476,3774,3903,3620,3877,3846,3839,3912,3782,3976,4080,3754,3984,3782,3715,3778,3916,3644,3822,POINT Z (578399.965499 4855320 0)
247400,0.792485,3341,3560,3234,3533,3173,3135,3184,3148,3386,3339,3377,3374,3602,3850,3751,1607,3744,3724,3795,3456,3592,3482,3583,3478,3374,0,3320,3019,3456,3580,3432,3660,3622,3685,3583,3708,3878,3390,3593,0,3332,3393,3444,3431,3426,3141,POINT Z (575760 4854150 0)
247401,0.796631,3275,3536,3199,3468,3085,3157,3181,3107,3300,3322,3365,3371,3572,3796,3730,1553,3628,3559,3732,3352,3493,3472,3591,3368,3227,0,3085,3096,3443,3556,3434,3752,3649,3671,3588,3585,3851,3567,3574,0,3266,3367,3315,3408,3376,3168,POINT Z (575790 4854150 0)
247402,0.804931,3201,3572,3244,3437,3120,3274,3244,3236,3338,3415,3345,3474,3582,3662,3728,1584,3569,3544,3699,3352,3538,3634,3605,3285,3350,0,3101,3050,3447,3537,3439,3678,3668,3615,3548,3538,3819,3493,3609,0,3364,3386,3372,3440,3465,3227,POINT Z (575820 4854150 0)
248236,0.785653,3305,3556,3200,3457,3065,3051,3190,3157,3283,3348,3411,3312,3538,3821,3735,1529,3668,3604,3717,3348,3582,3450,3540,3270,3209,0,3146,2951,3443,3560,3401,3597,3540,3533,3657,3535,3805,3336,3540,0,3244,3311,3364,3403,3374,3072,POINT Z (575760 4854120 0)
248237,0.790571,3291,3541,3168,3410,3032,3135,3240,3141,3288,3336,3395,3360,3570,3772,3798,1503,3630,3570,3686,3334,3499,3474,3582,3200,3083,0,3157,3079,3389,3525,3421,3568,3552,3495,3597,3486,3650,3325,3475,0,3184,3310,3276,3348,3336,3072,POINT Z (575790 4854120 0)
248238,0.793546,3204,3577,3237,3423,3149,3306,3319,3291,3330,3426,3394,3450,3637,3807,3706,1611,3672,3594,3740,3365,3570,3588,3626,3088,3103,0,3018,3015,3357,3441,3429,3574,3600,3516,3483,3496,3728,3348,3493,0,3246,3340,3353,3425,3435,3132,POINT Z (575820 4854120 0)
249071,0.794735,3347,3669,3255,3462,3038,2928,3204,3267,3153,3550,3485,3342,3512,3792,3758,1573,3618,3584,3728,3410,3590,3534,3546,3268,3299,0,3164,3010,3315,3506,3321,3483,3489,3493,3578,3480,3676,3265,3420,3480,3260,3316,3420,3441,3414,3140,POINT Z (575760 4854090 0)
249072,0.793035,3405,3595,3179,3392,3105,3102,3313,3240,3226,3492,3424,3406,3574,3849,3714,1526,3646,3616,3732,3412,3576,3592,3626,3134,3108,0,3014,2984,3406,3464,3359,3464,3546,3471,3514,3486,3599,3282,3479,3614,3214,3325,3358,3444,3384,3136,POINT Z (575790 4854090 0)
249073,0.796241,3274,3510,3228,3405,3171,3287,3347,3311,3341,3435,3416,3454,3627,3795,3747,1648,3674,3696,3744,3442,3566,3702,3693,3166,3065,0,3057,2965,3374,3472,3506,3612,3580,3537,3553,3609,3703,3424,3583,3576,3294,3406,3404,3508,3410,3190,POINT Z (575820 4854090 0)
251036,0.859999,3746,3860,3706,3697,3805,3794,3807,3605,3650,3954,3694,3824,3888,4026,3892,0,3851,3904,4048,3876,3894,4012,3920,4000,4091,3913,3609,3907,3843,3980,3598,4027,4036,3987,3745,3936,4005,4058,3982,3932,3890,3894,3871,4066,3831,3958,POINT Z (584730.053357 4854000.035618 0)
251037,0.868366,3668,3864,3642,3675,3724,3686,3680,3519,3620,3515,3619,3751,3819,3950,3875,0,3824,3867,4003,3810,3826,3956,3894,4012,4083,3912,3630,3869,3856,4033,3625,4016,4032,4004,3768,3986,4005,4001,3957,3949,3892,3880,3904,4074,3537,3983,POINT Z (584760.053357 4854000.035618 0)
251038,0.872833,3676,3842,3628,3656,3709,3667,3650,3437,3610,3496,3566,3755,3810,3982,3851,0,3820,3842,3990,3770,3846,3932,3886,4008,4037,3842,3609,3828,3747,4005,3576,4019,3980,3946,3763,3927,4051,4079,3945,3942,3842,3854,3883,4038,3657,3932,POINT Z (584790.053357 4854000.035618 0)
251872,0.851871,3634,3679,3559,3613,3640,3630,3670,3450,3508,3752,3508,3625,3778,3920,3757,0,3710,3726,3926,3698,3754,3866,3795,3889,3992,3774,3896,3853,3753,3901,3594,3970,3990,3921,3740,3938,3950,3989,3886,3909,3824,3874,3792,4000,3800,3908,POINT Z (584730.053357 4853970.035618 0)
251873,0.85968,3653,3727,3558,3652,3655,3619,3625,3445,3494,3774,3529,3688,3759,3913,3809,0,3750,3766,3938,3674,3768,3877,3746,3922,3991,3772,3610,3782,3702,3942,3570,3947,3956,3925,3714,3828,3997,4005,3858,3970,3818,3835,3835,3984,3658,3864,POINT Z (584760.053357 4853970.035618 0)
251874,0.865335,3751,3797,3638,3701,3697,3689,3676,3473,3561,3837,3597,3769,3829,3991,3866,0,3816,3848,3984,3742,3834,3928,3868,3986,4052,3794,3600,3870,3694,3971,3592,4035,3966,3950,3752,3858,4014,4072,3925,3945,3838,3837,3838,4013,3733,3899,POINT Z (584790.053357 4853970.035618 0)
252714,0.848202,3510,3501,3426,3474,3504,3479,3507,3278,3332,3498,3412,3498,3614,3724,3538,0,3575,3611,3772,3564,3585,3675,3557,3699,3832,3648,3814,3639,3652,3790,3466,3847,3888,3893,3696,3868,3956,3928,3771,3911,3772,3816,3742,3971,3790,3808,POINT Z (584730.053357 4853940.035618 0)
252715,0.852583,3582,3575,3496,3571,3511,3487,3511,3325,3350,3601,3435,3554,3648,3836,3620,0,3656,3644,3827,3604,3662,3748,3674,3828,3927,3706,3619,3760,3693,3937,3583,3963,3955,3908,3732,3898,3961,3940,3874,3953,3821,3846,3787,3960,3784,3884,POINT Z (584760.053357 4853940.035618 0)
252716,0.858113,3728,3713,3569,3674,3602,3602,3617,3426,3484,3752,3534,3697,3756,3974,3832,0,3766,3788,3936,3694,3768,3860,3832,3940,4013,3797,3627,3919,3821,4030,3647,4062,4020,3990,3818,3920,4022,4052,3928,3969,3897,3882,3842,4046,3810,3889,POINT Z (584790.053357 4853940.035618 0)
314504,0.846509,3096,2447,2770,3091,1924,2926,1735,2847,3019,2835,3214,3244,3464,3807,3614,0,3549,3121,3510,3404,3322,3544,3483,3683,3818,3388,3677,3606,3654,3856,3255,3865,3886,3859,3840,3829,3846,3896,3477,3932,3800,3675,3701,3980,3710,4028,POINT Z (585390 4851870 0)
314505,0.860657,3136,2885,3151,3311,2017,3069,2374,2859,3188,3319,3228,3354,3482,3818,3649,0,3494,3164,3497,3346,3246,3452,3334,3550,3693,3290,3634,3426,3495,3818,3084,3744,3836,3894,3857,3823,3872,3858,3666,3902,3738,3609,3608,3905,3379,3902,POINT Z (585420 4851870 0)
314506,0.851319,3235,3260,3407,3482,2551,3239,2903,3051,3318,3568,3289,3426,3434,3839,3668,0,3536,3126,3535,3317,3268,3406,3368,3555,3700,3214,3619,3471,3427,3718,3064,3752,3766,3748,3781,3694,3797,3664,3640,3805,3676,3548,3548,3821,3190,3788,POINT Z (585450 4851870 0)
315403,0.864879,3177,2778,3069,3213,2121,2905,2458,2814,3080,2969,3190,3249,3458,3807,3625,0,3347,3165,3522,3411,3328,3522,3468,3625,3805,3264,3684,3543,3550,3826,3195,3733,3856,3818,3868,3767,3805,3844,3526,3932,3784,3656,3738,4080,3732,4086,POINT Z (585390 4851840 0)
315404,0.864604,3162,3163,3318,3344,2361,3136,2906,2949,3285,3328,3198,3331,3446,3765,3642,0,3268,3149,3540,3342,3288,3469,3400,3628,3738,3187,3709,3478,3488,3856,3114,3726,3882,3860,3916,3865,3942,3832,3714,3922,3796,3620,3677,3994,3473,4016,POINT Z (585420 4851840 0)
315405,0.856447,3234,3431,3400,3506,2744,3309,3201,3161,3282,3514,3293,3391,3448,3846,3642,0,3440,3078,3514,3309,3234,3390,3380,3515,3721,3098,3590,3373,3419,3759,3027,3746,3778,3811,3836,3859,3845,3783,3778,3859,3706,3567,3590,3889,3246,3896,POINT Z (585450 4851840 0)
316299,0.863628,3142,3047,3222,3200,2394,2964,3010,2846,3212,2967,3046,3205,3328,3694,3714,0,3242,3164,3463,3249,3300,3464,3442,3536,3693,3198,3670,3512,3498,3811,3054,3618,3766,3852,3788,3722,3889,3891,3647,3924,3750,3556,3625,3944,3632,3925,POINT Z (585390 4851810 0)
316300,0.862398,3177,3371,3400,3352,2605,3169,3235,3096,3349,3187,3157,3308,3392,3706,3611,0,3200,3122,3552,3244,3336,3447,3429,3491,3798,3262,3691,3472,3494,3786,3037,3644,3793,3823,3820,3820,3905,3832,3762,3958,3777,3568,3686,4005,3495,3994,POINT Z (585420 4851810 0)
316301,0.857154,3274,3533,3436,3543,2858,3184,3233,3214,3387,3337,3283,3381,3453,3797,3620,0,3211,3094,3526,3254,3327,3392,3392,3428,3726,3071,3646,3330,3434,3716,2957,3628,3746,3698,3820,3807,3822,3800,3743,3895,3720,3610,3658,3990,3478,3980,POINT Z (585450 4851810 0)
343064,0.850365,3362,3572,3335,3503,3307,3522,3372,3360,3454,3542,3140,3523,3550,3818,3554,0,3663,3740,3907,3756,3743,3805,3796,3935,4026,3865,3924,3909,3747,4012,3693,4045,3984,4020,3978,3886,3792,3852,3483,3918,3788,3448,3622,3698,3542,3718,POINT Z (586020 4850880 0)
343065,0.848696,3368,3593,3378,3558,3497,3640,3477,3427,3513,3553,3205,3532,3531,3774,3541,0,3676,3781,3963,3784,3793,3817,3832,4004,4052,3874,3948,3910,3747,4050,3674,4113,3994,3992,4060,3910,3819,3850,3573,3943,3796,3442,3615,3637,3576,3735,POINT Z (586050 4850880 0)
343066,0.845902,3366,3578,3362,3533,3563,3642,3532,3382,3448,3589,3365,3539,3447,3767,3517,0,3636,3707,3927,3764,3740,3840,3836,3956,4018,3853,3966,3994,3752,4082,3709,4094,3976,4004,4068,3926,3890,3895,3823,3977,3849,3499,3637,3596,3634,3660,POINT Z (586080 4850880 0)
343917,0.856832,3441,3675,3408,3567,3494,3603,3471,3395,3517,3588,3256,3530,3572,3830,3606,0,3644,3756,3948,3748,3842,3874,3906,4050,4058,3900,4059,3882,3748,4038,3683,4067,4033,3995,4041,3898,3888,3934,3556,3982,3800,3508,3708,3720,3602,3808,POINT Z (586020 4850850 0)
343918,0.854759,3375,3616,3379,3543,3611,3630,3497,3374,3460,3495,3182,3434,3386,3706,3592,0,3578,3722,3924,3774,3808,3832,3850,4025,4084,3937,4065,3904,3789,4109,3755,4100,4014,4037,4059,3910,3789,3850,3703,3959,3838,3506,3691,3723,3641,3827,POINT Z (586050 4850850 0)
343919,0.849494,3381,3596,3416,3537,3633,3592,3523,3338,3447,3502,3227,3415,3372,3713,3452,0,3534,3676,3906,3766,3767,3815,3809,4027,4094,3991,4091,4023,3855,4054,3734,4086,4036,4067,4128,3966,3942,3870,3878,4062,3844,3542,3671,3756,3678,3712,POINT Z (586080 4850850 0)
344769,0.860072,3477,3720,3466,3566,3554,3604,3453,3380,3492,3626,3257,3516,3500,3745,3578,0,3603,3784,3927,3770,3822,3855,3852,4038,4048,3872,4091,3878,3768,4120,3741,4060,4020,3962,4030,3904,3840,3866,3548,3920,3834,3560,3739,3765,3766,3845,POINT Z (586020 4850820 0)
344770,0.856291,3439,3675,3434,3579,3681,3609,3505,3377,3455,3539,3186,3463,3349,3648,3527,0,3530,3728,3906,3744,3785,3815,3850,4042,4070,3923,4045,3874,3783,4132,3797,4052,4043,4007,4049,3928,3848,3861,3718,3982,3808,3506,3655,3684,3689,3864,POINT Z (586050 4850820 0)
344771,0.85264,3380,3591,3401,3498,3610,3514,3465,3280,3382,3464,3117,3330,3196,3524,3307,0,3428,3644,3815,3690,3742,3748,3863,4010,4038,3897,4065,3851,3779,4097,3830,4094,4034,4084,4048,3980,3896,3844,3841,3999,3845,3508,3608,3675,3671,3715,POINT Z (586080 4850820 0)
409704,0.874223,3802,3535,3623,3622,3243,3551,3600,3637,3701,3940,3742,3874,3890,4021,3949,0,3969,3844,4084,3924,3904,3988,4015,4006,4062,0,3918,4012,3802,3980,3679,4063,4021,3796,4006,3853,3946,3917,3924,3953,3930,3891,3916,4089,3942,4000,POINT Z (583020 4848180 0)
409705,0.877253,3884,3666,3728,3625,3455,3644,3683,3783,3786,3971,3811,3882,3936,4068,3971,0,3958,3860,4116,3950,3904,4018,4066,4108,4107,0,3955,4026,3781,3979,3626,4045,4028,3849,4020,3838,3957,3904,3924,3942,3942,3887,3915,4113,3924,3986,POINT Z (583050 4848180 0)
409706,0.878051,3913,3752,3767,3668,3645,3764,3719,3812,3643,3900,3848,3900,3975,4044,3974,0,3886,3854,4128,3910,3932,4020,4078,4083,4135,0,3965,4085,3814,3959,3586,4065,4039,3961,4026,3909,3632,3854,3918,3927,3912,3850,3926,4082,3912,3982,POINT Z (583080 4848180 0)
410385,0.875447,3783,3628,3667,3606,3256,3558,3588,3684,3688,3931,3856,3822,3920,4035,3948,0,3968,3882,4095,3902,3900,3988,4048,4072,4048,0,3945,4015,3808,3952,3594,4034,4079,3864,3986,3881,3972,3944,3910,3962,3916,3871,3934,4104,3931,4030,POINT Z (583020 4848150 0)
410386,0.877022,3885,3696,3755,3659,3400,3658,3644,3799,3655,3936,3916,3829,3955,4091,4013,0,3942,3886,4108,3943,3918,4009,4051,4062,4080,0,3910,4019,3850,3951,3574,4032,4033,3928,4029,3877,3811,3826,3925,3920,3912,3870,3938,4102,3914,3974,POINT Z (583050 4848150 0)
410387,0.878459,3929,3774,3778,3726,3625,3796,3698,3858,3600,3934,3926,3931,4011,4086,4028,0,3930,3928,4134,3924,3947,4042,4063,4114,4100,0,4018,4090,3857,3965,3569,4089,4047,4007,4086,3953,3798,3840,3918,3948,3926,3907,3944,4092,3946,4002,POINT Z (583080 4848150 0)
411058,0.875939,3761,3750,3717,3671,3208,3609,3597,3733,3735,3953,3958,3874,3944,4047,3947,0,3947,3893,4092,3938,3935,4012,4043,4064,4104,0,3935,4021,3843,3944,3614,4044,4035,3873,3985,3870,3938,3883,3879,3906,3888,3866,3938,4096,3920,3976,POINT Z (583020 4848120 0)
411059,0.878361,3873,3792,3810,3719,3312,3683,3643,3823,3627,3942,4005,3896,3966,4092,3986,0,3941,3897,4084,3928,3944,4018,4080,4123,4109,0,3949,4038,3859,4002,3582,4085,4051,3969,4022,3898,3842,3820,3879,3924,3903,3840,3938,4070,3885,3997,POINT Z (583050 4848120 0)
411060,0.880512,3905,3827,3824,3720,3562,3788,3698,3884,3650,3942,3965,3952,4003,4068,4002,0,3936,3943,4100,3918,3940,4010,4026,4090,4112,0,3977,4068,3859,4011,3587,4063,4081,4041,4096,3954,3805,3816,3927,3962,3928,3870,3955,4118,3959,4026,POINT Z (583080 4848120 0)
446306,0.830028,3349,3529,3284,3394,3224,3411,3355,3266,3566,3657,3150,3232,3510,3739,3486,0,3664,3708,3830,3680,3664,3610,3806,3544,3950,0,3738,3164,3693,3859,3537,3649,3691,3770,3692,3540,3731,3826,3784,3718,3306,3390,3359,3644,3610,3513,POINT Z (579810 4846470 0)
446307,0.826879,3297,3454,3246,3356,3210,3342,3286,3226,3466,3661,3230,3376,3551,3897,3619,0,3607,3664,3797,3618,3590,3554,3724,3446,3737,0,3571,3290,3605,3780,3482,3644,3660,3722,3746,3569,3795,3829,3796,3722,3378,3446,3434,3710,3706,3531,POINT Z (579840 4846470 0)
446308,0.826434,3243,3323,3229,3291,3119,3251,3180,3184,3357,3577,3250,3378,3524,3854,3619,0,3484,3662,3699,3600,3558,3446,3520,3380,3662,0,3544,3366,3540,3774,3566,3678,3602,3816,3760,3616,3846,3900,3895,3745,3438,3460,3568,3758,3699,3587,POINT Z (579870 4846470 0)
446956,0.82199,3263,3437,3211,3337,3189,3351,3311,3179,3523,3566,3022,3141,3426,3754,3392,0,3544,3650,3714,3606,3588,3552,3876,3410,3923,0,3660,3340,3552,3890,3459,3669,3640,3742,3681,3542,3785,3856,3808,3661,3346,3405,3454,3678,3633,3486,POINT Z (579810 4846440 0)
446957,0.824428,3280,3425,3214,3344,3224,3329,3282,3205,3447,3599,3132,3252,3440,3749,3493,0,3528,3624,3728,3626,3608,3612,3777,3614,3778,0,3717,3474,3681,3827,3411,3598,3706,3735,3714,3601,3740,3876,3774,3672,3364,3354,3442,3698,3650,3552,POINT Z (579840 4846440 0)
446958,0.829135,3284,3374,3229,3344,3168,3293,3245,3225,3423,3619,3264,3398,3546,3877,3589,0,3587,3684,3727,3654,3643,3558,3714,3467,3753,0,3575,3456,3540,3703,3438,3664,3710,3856,3766,3670,3854,3898,3822,3728,3451,3493,3610,3759,3690,3608,POINT Z (579870 4846440 0)
447606,0.823013,3242,3459,3268,3363,3205,3407,3361,3247,3521,3558,3048,3214,3512,3802,3515,0,3613,3608,3697,3607,3640,3636,3868,3310,3797,0,3633,3443,3686,3921,3537,3730,3706,3765,3688,3553,3773,3856,3850,3782,3412,3406,3520,3688,3650,3522,POINT Z (579810 4846410 0)
447607,0.827031,3338,3502,3311,3453,3229,3429,3380,3297,3503,3605,3153,3285,3492,3777,3615,0,3594,3691,3744,3746,3710,3712,3914,3434,3865,0,3641,3504,3733,3899,3496,3643,3747,3808,3706,3647,3759,3880,3753,3746,3406,3364,3473,3686,3636,3516,POINT Z (579840 4846410 0)
447608,0.835744,3380,3494,3295,3507,3273,3416,3386,3322,3545,3684,3352,3480,3614,3831,3720,0,3693,3748,3830,3806,3755,3757,3961,3714,3960,0,3834,3514,3664,3937,3576,3733,3772,3896,3804,3738,3868,3842,3854,3828,3485,3485,3658,3836,3760,3650,POINT Z (579870 4846410 0)
487157,0.822638,3259,3393,3216,3448,3094,3298,3063,3148,3403,3549,3588,3527,3496,3795,3646,0,3592,3116,3774,3576,3608,3571,3621,3674,3640,3629,3820,3711,3736,3810,3542,3793,3827,3815,3870,3706,3884,3786,3802,3878,3584,3529,3773,3626,3544,3554,POINT Z (584040.062186 4844070 0)
487158,0.832149,3365,3470,3291,3463,3119,3322,3119,3216,3493,3651,3623,3593,3642,3826,3727,0,3701,3266,3824,3612,3682,3641,3631,3710,3734,3686,3761,3764,3693,3782,3596,3853,3868,3855,3937,3712,3976,3830,3837,3929,3594,3491,3730,3646,3584,3536,POINT Z (584070.062186 4844070 0)
487159,0.840006,3413,3470,3386,3468,3193,3340,3157,3236,3505,3643,3558,3592,3612,3852,3769,0,3702,3399,3902,3618,3732,3703,3726,3770,3778,3694,3822,3717,3777,3752,3573,3871,3804,3853,3889,3741,3888,3856,3826,3908,3650,3521,3781,3663,3604,3585,POINT Z (584100.062186 4844070 0)
487561,0.824444,3265,3419,3235,3448,3125,3295,3067,3167,3409,3577,3532,3480,3562,3710,3606,0,3601,3246,3780,3530,3538,3588,3641,3682,3614,3702,3745,3726,3693,3769,3584,3772,3896,3855,3926,3698,3930,3838,3883,3889,3594,3484,3740,3614,3544,3532,POINT Z (584040.062186 4844040 0)
487562,0.834274,3383,3516,3328,3481,3179,3325,3137,3253,3538,3703,3576,3592,3674,3795,3764,0,3688,3378,3900,3646,3668,3660,3650,3726,3776,3624,3798,3802,3707,3794,3615,3873,3869,3886,3929,3785,3932,3830,3801,3957,3622,3515,3724,3614,3564,3500,POINT Z (584070.062186 4844040 0)
487563,0.841065,3385,3445,3348,3408,3174,3267,3144,3211,3509,3628,3442,3518,3628,3778,3815,0,3632,3385,3874,3641,3726,3663,3744,3814,3766,3653,3773,3760,3700,3751,3630,3882,3950,3892,3923,3780,3884,3849,3867,3913,3622,3465,3716,3619,3581,3494,POINT Z (584100.062186 4844040 0)
487961,0.825554,3260,3453,3253,3390,3216,3293,3147,3205,3356,3560,3414,3480,3588,3803,3684,0,3606,3289,3812,3512,3511,3573,3703,3716,3706,3704,3846,3810,3731,3819,3638,3793,3902,3894,3911,3772,3915,3810,3875,3855,3608,3400,3682,3555,3518,3479,POINT Z (584040.062186 4844010 0)
487962,0.829666,3269,3406,3250,3347,3125,3201,3055,3130,3375,3554,3301,3445,3560,3709,3522,0,3543,3282,3774,3520,3532,3560,3620,3696,3640,3576,3760,3703,3625,3716,3529,3731,3903,3897,3859,3704,3889,3780,3864,3886,3604,3372,3696,3554,3455,3440,POINT Z (584070.062186 4844010 0)
487963,0.834645,3289,3294,3271,3261,3065,3124,3007,3127,3382,3476,3300,3402,3432,3494,3570,0,3504,3191,3730,3550,3602,3541,3632,3775,3654,3630,3677,3616,3562,3684,3472,3734,3797,3824,3810,3682,3768,3760,3820,3876,3550,3390,3650,3524,3460,3384,POINT Z (584100.062186 4844010 0)
504286,0.883787,3510,3744,3703,3515,3462,3596,3731,3497,3481,3544,3912,3846,3740,3950,3827,3768,3859,3658,3980,3822,3760,3917,3895,3948,3971,3947,3995,3937,3845,3915,3790,3992,4010,3979,4014,3865,3890,3805,3827,3956,3766,3604,3854,3900,3967,3912,POINT Z (584010 4842720 0)
504287,0.89247,3678,3836,3754,3630,3526,3691,3844,3582,3606,3685,3965,3850,3860,4018,3899,3864,3934,3726,4030,3908,3825,4005,3939,4010,4044,3954,4035,3964,3868,3901,3870,4017,4059,3988,4057,3883,3886,3892,3875,3965,3795,3630,3908,3938,3944,3942,POINT Z (584040 4842720 0)
504288,0.896517,3713,3855,3756,3674,3564,3722,3867,3640,3612,3739,3948,3930,3934,4032,3937,3848,3929,3718,4050,3894,3852,4018,3950,4026,4058,4023,4123,4021,3943,3873,3870,4077,4075,4069,4075,3898,3918,3972,3893,4051,3831,3666,3977,4014,3907,4004,POINT Z (584070 4842720 0)
504692,0.886848,3462,3721,3679,3574,3497,3594,3761,3485,3456,3609,3973,3880,3772,3995,3928,3828,3900,3706,4015,3855,3846,3944,3939,3982,4024,3941,3987,3990,3863,3900,3813,4056,4019,3985,4028,3912,3925,3815,3855,3978,3809,3634,3912,3973,3957,3932,POINT Z (584010 4842690 0)
504693,0.895511,3676,3781,3710,3685,3559,3675,3820,3617,3593,3670,3996,3840,3876,4006,3944,3826,3947,3768,4034,3902,3862,3966,3916,4022,4060,3917,4034,4020,3956,3867,3844,4065,4053,3979,4018,3882,3812,3857,3865,3997,3820,3630,3938,4014,3983,3970,POINT Z (584040 4842690 0)
504694,0.897836,3794,3876,3786,3776,3617,3770,3916,3681,3696,3779,4018,3900,3978,4060,3956,3862,4009,3802,4104,3932,3928,4018,3957,4069,4108,4025,4117,4006,3948,3968,3902,4108,4077,4063,4061,3951,3902,3992,3853,4100,3868,3657,3984,4039,3983,4009,POINT Z (584070 4842690 0)
505099,0.887601,3523,3755,3732,3683,3600,3640,3837,3591,3559,3746,4000,3962,3850,3996,3950,3872,3953,3786,4100,3916,3917,4014,3959,4068,4082,3971,4081,4010,3906,3909,3882,4113,4083,4043,4072,3906,3903,3847,3853,3982,3798,3630,3906,4012,3931,3970,POINT Z (584010 4842660 0)
505100,0.896374,3722,3843,3768,3745,3670,3752,3879,3619,3668,3788,4031,3878,3918,4067,3992,3882,3998,3800,4100,3952,3929,4000,3978,4014,4097,4002,4104,4026,3979,3964,3875,4113,4081,4019,4086,3929,3878,3871,3902,4026,3778,3700,3949,4070,3980,4002,POINT Z (584040 4842660 0)
505101,0.898867,3816,3941,3831,3802,3729,3858,3983,3698,3782,3868,4034,3903,4030,4143,3991,3892,4058,3799,4126,3964,3948,4026,4023,4056,4126,4007,4130,4064,3995,4016,3886,4142,4114,4100,4085,3950,3920,4008,3976,4121,3872,3645,3954,4084,3966,4026,POINT Z (584070 4842660 0)
539528,0.837706,2753,3151,2972,3124,2956,2863,3276,2875,3016,3396,3126,3544,3318,3699,3618,2823,3475,3116,3714,3507,3640,3603,3764,3792,3803,0,3800,3732,3727,3838,3540,3710,3741,3629,3704,3634,3597,3884,3590,3850,3406,3372,3542,3500,3484,3559,POINT Z (584670 4840530 0)
539529,0.839846,2797,3174,2919,3020,2931,2813,3228,2856,2990,3389,3146,3551,3302,3599,3582,0,3461,3007,3723,3506,3615,3620,3793,3854,3878,0,3772,3753,3772,3857,3808,3824,3915,3748,3827,3770,3680,3835,3669,3890,3430,3393,3588,3507,3488,3596,POINT Z (584700 4840530 0)
539530,0.844394,2824,3201,2925,3002,2929,2819,3210,2859,2970,3310,3208,3503,3260,3552,3484,0,3470,2986,3714,3528,3577,3646,3786,3749,3857,0,3776,3769,3782,3961,3792,3818,3931,3793,3850,3802,3754,3796,3704,3839,3466,3428,3590,3533,3526,3604,POINT Z (584730 4840530 0)
540108,0.837186,2731,3157,2891,3103,3002,2763,3307,2927,3007,3370,3095,3500,3313,3645,3577,2682,3474,3150,3756,3544,3674,3648,3748,3828,3822,0,3800,3726,3770,3850,3582,3759,3768,3697,3757,3691,3594,3885,3707,3856,3441,3428,3603,3565,3521,3594,POINT Z (584670 4840500 0)
540109,0.836015,2763,3153,2876,3036,2938,2700,3245,2886,2963,3352,3131,3500,3272,3632,3532,0,3460,3052,3770,3575,3657,3674,3810,3822,3830,0,3783,3732,3761,3923,3804,3773,3795,3753,3811,3738,3650,3837,3728,3856,3446,3437,3626,3533,3480,3568,POINT Z (584700 4840500 0)
540110,0.841167,2746,3141,2862,2957,2847,2708,3163,2830,2892,3235,3168,3469,3185,3627,3436,0,3416,2972,3740,3530,3596,3654,3783,3826,3868,0,3784,3740,3739,3930,3826,3794,3885,3765,3834,3772,3766,3818,3770,3898,3538,3460,3660,3595,3542,3654,POINT Z (584730 4840500 0)
540688,0.83696,2692,3114,2744,3006,2923,2651,3286,2958,2954,3207,2989,3390,3204,3526,3406,2411,3400,3005,3670,3504,3633,3593,3805,3837,3884,0,3804,3748,3752,3939,3848,3820,3879,3776,3782,3750,3694,3866,3687,3826,3471,3458,3662,3602,3619,3587,POINT Z (584670 4840470 0)
540689,0.834376,2674,3075,2753,3011,2763,2699,3219,2897,2863,3164,3041,3400,3145,3553,3418,2538,3408,2987,3682,3544,3622,3648,3761,3848,3890,0,3807,3736,3758,3823,3842,3754,3853,3761,3727,3735,3676,3821,3733,3865,3457,3436,3620,3538,3476,3550,POINT Z (584700 4840470 0)
540690,0.841257,2553,2985,2741,2803,2504,2639,3033,2749,2699,3005,3027,3290,3029,3468,3203,2536,3290,2832,3568,3430,3525,3562,3742,3804,3854,0,3764,3736,3720,3877,3795,3789,3900,3792,3816,3806,3782,3975,3786,3905,3545,3466,3672,3585,3515,3606,POINT Z (584730 4840470 0)
566699,0.849014,2977,3369,2497,3017,3373,3341,3475,2732,3137,2891,3217,3569,3410,3677,3655,3644,3662,3241,3788,3616,3538,3664,3782,3824,3826,0,3938,3653,3825,3927,3716,3608,3880,3840,3693,3625,3566,3771,3896,3896,3503,3510,3759,3729,3824,3764,POINT Z (583830 4839240 0)
566700,0.845964,2960,3189,2173,2709,3187,3079,3293,2563,2865,2863,3212,3526,3098,3574,3571,3584,3594,3202,3752,3572,3547,3618,3835,3794,3760,0,3918,3620,3832,3939,3612,3689,3740,3749,3652,3569,3563,3711,3880,3856,3485,3432,3734,3686,3809,3715,POINT Z (583860 4839240 0)
566701,0.852468,3111,3243,2237,2758,3117,3084,3341,2764,2874,3029,3373,3586,3224,3793,3695,3604,3679,3436,3829,3666,3659,3713,3799,3808,3768,0,3938,3537,3834,3857,3659,3686,3701,3692,3632,3547,3584,3732,3901,3925,3540,3520,3726,3723,3810,3764,POINT Z (583890 4839240 0)
567343,0.849258,2791,3233,2353,2951,3309,3187,3343,2641,3013,3120,3125,3406,3207,3517,3454,3515,3560,3024,3645,3506,3478,3594,3816,3774,3844,0,3943,3612,3842,3955,3708,3779,3761,3814,3746,3542,3605,3870,3910,3916,3574,3446,3779,3729,3770,3740,POINT Z (583830 4839210 0)
567344,0.846623,2883,3209,2101,2800,3242,3055,3291,2666,2835,3226,3297,3472,3092,3618,3601,3612,3593,3146,3722,3542,3577,3666,3773,3776,3794,0,3951,3624,3872,3911,3677,3694,3725,3708,3714,3450,3650,3718,3888,3906,3477,3376,3726,3655,3778,3706,POINT Z (583860 4839210 0)
567345,0.850805,3082,3318,2180,2832,3205,3115,3408,2870,2979,3416,3448,3614,3238,3792,3691,3741,3725,3469,3874,3712,3706,3796,3837,3845,3846,0,3960,3628,3866,3886,3683,3657,3664,3737,3634,3534,3460,3678,3848,3856,3522,3435,3698,3676,3792,3758,POINT Z (583890 4839210 0)
567987,0.852726,2800,3241,2305,3031,3279,3158,3369,2459,3010,3148,3171,3376,3186,3369,3323,3496,3538,3088,3618,3498,3531,3638,3764,3791,3756,0,3928,3528,3820,3999,3698,3790,3818,3858,3752,3699,3685,3774,3964,3958,3561,3488,3723,3708,3805,3764,POINT Z (583830 4839180 0)
567988,0.847767,2860,3211,1951,2811,3163,3037,3311,2672,2890,3228,3277,3424,3064,3573,3538,3569,3560,3156,3686,3519,3612,3676,3791,3819,3812,0,3952,3653,3821,3973,3668,3732,3786,3787,3703,3547,3604,3698,3876,3912,3554,3482,3795,3702,3818,3738,POINT Z (583860 4839180 0)
567989,0.85108,3093,3333,2239,2934,3162,3109,3471,2941,3112,3362,3383,3593,3314,3816,3758,3724,3756,3548,3879,3714,3743,3809,3943,3819,3828,0,3980,3625,3853,3937,3730,3700,3754,3773,3650,3411,3442,3630,3823,3874,3538,3378,3694,3646,3780,3738,POINT Z (583890 4839180 0)
578486,0.87818,3786,3716,3733,3471,3532,3715,3694,3496,3586,3687,3874,3957,3893,3976,3958,3908,3998,3912,4026,3844,3896,3968,3890,3755,4066,0,3997,3787,3959,4007,3843,4020,4040,4006,4042,3972,3984,3922,3832,4005,3746,3451,3736,3962,3828,3710,POINT Z (583050 4838700 0)
578487,0.878663,3702,3762,3772,3642,3642,3751,3792,3668,3632,3852,3923,3965,3936,3981,3948,3848,3946,3888,4053,3834,3887,3992,3924,3989,4054,0,4010,3823,3934,3999,3778,4040,4046,4040,4026,3991,3984,3938,3884,4022,3776,3407,3746,3968,3842,3739,POINT Z (583080 4838700 0)
578488,0.879103,3641,3802,3767,3727,3692,3780,3828,3774,3622,3915,3911,3979,3920,3970,3963,3842,3918,3896,4068,3830,3878,3950,3926,3994,4036,0,3996,3539,3956,3952,3858,4041,4040,3968,4040,3969,3970,3912,3936,4060,3784,3420,3763,4010,3885,3754,POINT Z (583110 4838700 0)
578728,0.834357,3598,3552,3372,3385,2882,3436,3608,3388,3498,3590,3605,3831,3212,0,3719,1111,3674,3622,3740,3618,3608,3800,3844,3950,3977,3670,3769,3828,3752,3832,3608,3932,3906,3838,3761,3638,3733,3833,3697,3760,3282,3221,3236,3300,3384,3276,POINT Z (592170 4838700 0)
578729,0.826688,3573,3564,3379,3385,3046,3421,3650,3361,3502,3525,3652,3785,3152,0,3703,1022,3645,3646,3718,3576,3624,3780,3864,3926,3985,3641,3919,3728,3724,3839,3578,3884,3797,3831,3714,3648,3666,3845,3766,3723,3214,3196,3240,3264,3414,3242,POINT Z (592200 4838700 0)
578730,0.800269,3513,3431,3187,3383,3158,3274,3629,3283,3404,3267,3662,3707,3136,0,3615,971,3504,3587,3665,3561,3578,3692,3792,3847,3962,3608,3886,3620,3710,3799,3490,3808,3747,3762,3723,3552,3685,3737,3723,3717,3155,3149,3215,3262,3334,3252,POINT Z (592230 4838700 0)
579154,0.878097,3807,3687,3732,3518,3575,3715,3673,3573,3540,3762,3855,3982,3931,4006,3999,3944,4004,3884,4035,3876,3902,3976,3943,4150,4064,0,3980,3824,3969,4000,3748,4018,4040,3999,4017,3942,3938,3796,3793,3988,3752,3402,3696,3942,3840,3726,POINT Z (583050 4838670 0)
579155,0.879466,3743,3797,3783,3687,3652,3784,3789,3691,3595,3826,3902,4017,3968,4064,3974,3924,3958,3890,4050,3828,3895,3981,3952,4074,4047,0,3994,3613,4013,3985,3801,4026,4026,3972,4040,3933,3930,3932,3945,3978,3765,3446,3747,3970,3864,3768,POINT Z (583080 4838670 0)
579156,0.88057,3688,3852,3772,3752,3688,3804,3830,3768,3594,3840,3878,4010,3931,4000,3951,3875,3933,3879,4030,3797,3892,3953,3910,3924,3985,0,3952,3619,3938,3973,3792,4005,4053,3934,3934,3976,3969,3898,3949,3972,3790,3468,3780,4006,3887,3799,POINT Z (583110 4838670 0)
579397,0.831603,3577,3651,3512,3466,2974,3498,3654,3380,3603,3606,3696,3816,3466,0,3673,1148,3734,3636,3790,3681,3636,3867,3820,3881,3946,3732,3924,3796,3725,3918,3670,3906,3926,3890,3814,3618,3792,3876,3837,3812,3296,3202,3232,3334,3418,3402,POINT Z (592170 4838670 0)
579398,0.828033,3492,3588,3437,3388,3037,3446,3576,3268,3450,3472,3622,3727,3224,0,3562,973,3650,3581,3710,3561,3558,3801,3764,3848,3932,3590,3901,3692,3696,3837,3594,3868,3787,3840,3753,3608,3708,3762,3713,3750,3250,3163,3207,3319,3350,3290,POINT Z (592200 4838670 0)
579399,0.819643,3498,3545,3260,3417,3171,3405,3620,3238,3314,3236,3598,3692,3156,0,3649,958,3564,3596,3684,3597,3584,3735,3800,3888,3972,3527,3740,3652,3712,3754,3487,3812,3791,3782,3632,3574,3719,3775,3651,3654,3186,3214,3226,3256,3326,3243,POINT Z (592230 4838670 0)
579824,0.878128,3858,3725,3781,3638,3560,3759,3731,3671,3583,3845,3869,4038,3974,3997,3967,3960,4027,3919,4060,3893,3943,4022,3904,4117,4062,0,4004,3820,3949,3990,3834,4046,4060,3972,4035,3984,3956,3914,3859,3996,3758,3444,3751,3982,3876,3752,POINT Z (583050 4838640 0)
579825,0.879471,3768,3814,3778,3751,3593,3802,3814,3717,3576,3769,3846,4020,3958,4027,3953,3883,3960,3846,4046,3833,3890,3964,3924,4087,4076,0,3962,3593,3935,3957,3782,4030,4049,4014,4036,3952,3954,3963,3982,4015,3791,3486,3783,4026,3881,3788,POINT Z (583080 4838640 0)
579826,0.880243,3736,3907,3799,3844,3676,3855,3851,3821,3606,3780,3847,4072,3972,3934,3915,3900,3952,3872,4048,3782,3859,3930,3892,4060,4051,0,4012,3466,3918,3921,3783,3996,4069,3933,3983,3954,3972,3967,3984,4000,3796,3474,3794,4015,3874,3804,POINT Z (583110 4838640 0)
580068,0.834482,3571,3759,3686,3542,3142,3527,3722,3366,3690,3623,3646,3788,3643,0,3715,1256,3718,3554,3710,3716,3616,3816,3810,3900,3956,3723,3904,3824,3752,3913,3619,3938,3985,3946,3882,3698,3794,3955,3838,3845,3326,3194,3253,3324,3460,3430,POINT Z (592170 4838640 0)
580069,0.831828,3547,3723,3655,3516,3227,3525,3661,3288,3609,3535,3572,3787,3380,0,3671,1100,3640,3543,3690,3683,3604,3806,3826,3949,3919,3668,3847,3729,3788,3915,3592,3928,3952,3890,3808,3708,3769,3867,3771,3827,3312,3186,3236,3272,3322,3347,POINT Z (592200 4838640 0)
580070,0.820506,3576,3686,3440,3508,3359,3518,3710,3308,3443,3313,3524,3748,3270,0,3662,1056,3589,3532,3674,3696,3598,3754,3824,3904,3930,3754,3884,3806,3795,3917,3656,3918,3922,3884,3778,3706,3718,3834,3746,3740,3237,3126,3203,3223,3295,3264,POINT Z (592230 4838640 0)
637434,0.798275,2995,3321,3255,3454,3335,3331,3507,3276,3339,3471,3413,3430,3485,2972,3598,3360,3538,3522,3660,3472,3498,3488,3623,3755,3730,3329,3748,3288,3751,3568,3442,3716,3846,3695,3698,3790,3859,3756,3517,3724,3484,3302,3493,3556,3332,3360,POINT Z (582600 4836360 0)
637435,0.785822,2842,3202,3141,3399,3251,3235,3410,3261,3262,3411,3356,3326,3446,2388,3465,3352,3405,3478,3638,3369,3449,3454,3525,3580,3649,3043,3647,3436,3650,3471,3499,3719,3756,3566,3626,3746,3858,3760,3482,3712,3412,3192,3496,3474,3262,3349,POINT Z (582630 4836360 0)
637436,0.783828,2711,3143,2958,3205,3248,3101,3229,3133,3089,3244,3207,3273,3332,2461,3518,3388,3292,3374,3544,3288,3479,3378,3460,3544,3598,2660,3644,3428,3533,3431,3549,3617,3701,3579,3448,3716,3780,3712,3537,3688,3438,3214,3464,3444,3248,3290,POINT Z (582660 4836360 0)
638263,0.784237,2965,3388,3288,3508,3363,3352,3562,3301,3423,3555,3410,3541,3685,3372,3660,3529,3652,3592,3773,3540,3628,3672,3699,3723,3886,3450,3826,3574,3794,3642,3675,3827,3826,3696,3542,3751,3854,3780,3568,3694,3482,3154,3434,3422,3210,3289,POINT Z (582600 4836330 0)
638264,0.776483,2738,3198,3036,3334,3143,3170,3358,3141,3186,3368,3255,3342,3457,2351,3647,3374,3526,3471,3668,3423,3555,3532,3508,3665,3762,3109,3716,3618,3732,3576,3722,3784,3808,3665,3564,3794,3884,3788,3612,3790,3480,3232,3520,3477,3280,3370,POINT Z (582630 4836330 0)
638265,0.772785,2655,3121,2895,3150,3217,3082,3188,3108,3004,3223,3146,3276,3304,2099,3559,3344,3326,3446,3639,3377,3540,3450,3444,3525,3618,2839,3638,3553,3608,3442,3576,3644,3786,3535,3442,3776,3896,3812,3525,3720,3452,3182,3464,3459,3270,3342,POINT Z (582660 4836330 0)
639092,0.794256,2817,3338,3230,3395,3199,3228,3457,3237,3354,3464,3322,3542,3651,3366,3585,3492,3591,3546,3782,3565,3656,3633,3752,3794,3845,3484,3804,3608,3774,3755,3659,3774,3838,3732,3642,3774,3908,3837,3642,3856,3592,3156,3402,3421,3206,3327,POINT Z (582600 4836300 0)
639093,0.791868,2649,3180,3059,3250,3075,3065,3293,3102,3170,3309,3197,3382,3514,2751,3515,3431,3451,3508,3704,3432,3556,3520,3566,3659,3679,3406,3730,3582,3720,3708,3661,3770,3810,3650,3616,3803,3868,3766,3608,3760,3562,3330,3524,3542,3351,3404,POINT Z (582630 4836300 0)
639094,0.789706,2615,3051,2910,3088,3184,3025,3145,3086,3010,3203,3113,3288,3322,2575,3532,3283,3414,3407,3665,3382,3550,3441,3392,3556,3554,3235,3618,3652,3598,3479,3423,3518,3642,3517,3573,3722,3726,3752,3402,3732,3458,3258,3537,3536,3341,3399,POINT Z (582660 4836300 0)
650457,0.840957,3032,3614,3247,2874,3064,3189,2942,3027,2997,3469,3387,3559,3576,2564,3486,3496,3502,3448,3570,3550,3336,3589,3504,3550,3572,-2587,3466,3546,3453,3553,3006,3639,3808,3722,3711,3590,3728,3950,3835,3768,3380,3202,3388,3217,3103,3223,POINT Z (597000 4835910 0)
650458,0.853615,3110,3490,3326,2935,3015,3293,2903,3095,2989,3363,3409,3535,3647,2876,3450,3532,3612,3503,3592,3516,3365,3642,3544,3570,3598,-1883,3472,3645,3473,3612,2959,3654,3819,3743,3763,3639,3759,3939,3831,3886,3406,3134,3397,3299,3173,3242,POINT Z (597030 4835910 0)
650459,0.858415,3272,3493,3383,3209,2887,3384,3055,3304,2959,2987,3446,3643,3660,3419,3565,3518,3646,3582,3620,3508,3420,3688,3548,3572,3622,-1965,3550,3680,3532,3689,3072,3694,3834,3829,3729,3704,3772,3960,3834,3828,3494,3327,3490,3389,3348,3183,POINT Z (597060 4835910 0)
651301,0.860032,3236,3590,3294,3082,3156,3353,2545,3019,3061,3661,3675,3598,3602,3152,3451,3227,3476,3417,3565,3564,3423,3656,3565,3562,3603,3055,3480,3598,3530,3512,3158,3620,3772,3730,3755,3680,3770,3780,3858,3841,3464,3295,3544,3451,3339,3515,POINT Z (597000 4835880 0)
651302,0.865132,3333,3486,3442,3153,3157,3453,2493,2991,3056,3494,3642,3657,3627,3543,3476,3371,3596,3498,3604,3522,3452,3720,3610,3552,3684,2968,3532,3648,3557,3623,3226,3666,3837,3784,3770,3735,3746,3809,3856,3913,3542,3327,3564,3450,3480,3316,POINT Z (597030 4835880 0)
651303,0.86477,3454,3539,3509,3343,3069,3541,2856,3265,3215,2912,3624,3751,3688,3799,3589,3470,3700,3626,3694,3532,3531,3740,3594,3555,3628,2317,3512,3679,3579,3711,3532,3696,3853,3814,3789,3716,3800,3960,3872,3810,3536,3342,3564,3468,3526,3276,POINT Z (597060 4835880 0)
652145,0.81462,3694,3764,3608,3534,3450,3788,2283,3224,3342,4116,4132,3906,3707,2865,3537,3012,3528,3387,3678,3722,3622,3898,3638,3628,3663,3015,3573,3791,3534,3683,3302,3692,3853,3814,3796,3688,3765,3800,3858,3636,3528,3377,3565,3535,3590,3516,POINT Z (597000 4835850 0)
652146,0.864069,3709,3623,3682,3449,3408,3768,2168,2799,3268,3820,3960,3839,3733,3457,3598,3224,3660,3567,3692,3672,3659,3883,3659,3579,3719,3173,3563,3704,3582,3604,3288,3646,3838,3734,3775,3655,3725,3798,3842,3760,3567,3400,3574,3565,3657,3581,POINT Z (597030 4835850 0)
652147,0.868881,3637,3658,3659,3606,3278,3666,2785,3230,3368,2903,3758,3804,3725,3746,3649,3340,3756,3679,3732,3524,3660,3820,3613,3612,3688,3373,3529,3734,3570,3758,3451,3697,3821,3830,3770,3732,3702,3785,3856,3778,3502,3269,3477,3487,3589,3486,POINT Z (597060 4835850 0)
805165,0.856678,3325,3918,4151,3638,3671,3688,3590,3242,3611,3891,3538,3876,3846,2894,0,3894,3772,3470,3560,3567,3618,3780,3718,2273,3858,3587,3888,3698,3586,3715,3248,3804,3773,3602,3646,3618,3813,3724,3795,3630,3569,3440,3475,3594,3574,3625,POINT Z (608490 4831080 0)
805166,0.845979,3300,3744,4004,3544,3638,3656,3571,3017,3605,3770,3885,3784,3816,3459,0,3822,3747,3470,3514,3570,3553,3770,3720,2276,3890,3612,3864,3770,3603,3774,3401,3843,3847,3693,3766,3724,3786,3688,3773,3616,3606,3507,3484,3593,3603,3626,POINT Z (608520 4831080 0)
805167,0.800977,3260,3641,3877,3490,3567,3579,3532,2884,3524,3672,3784,3700,3725,3789,0,3768,3704,3438,3493,3506,3462,3724,3744,2504,3904,3655,3792,3732,3558,3757,3356,3754,3859,3667,3722,3648,3802,3637,3753,3457,3560,3417,3438,3531,3598,3573,POINT Z (608550 4831080 0)
806115,0.855358,3521,3830,4292,3656,3872,3744,3596,3275,3010,3998,3977,3908,3796,2786,0,4047,3802,3582,3622,3666,3700,3852,3684,2570,3878,3631,3918,3857,3660,3776,3358,3902,3797,3756,3815,3878,3843,3881,3648,3714,3689,3554,3541,3658,3654,3689,POINT Z (608490 4831050 0)
806116,0.857753,3384,3788,4057,3601,3826,3618,3518,3103,3324,3847,3982,3910,3820,3357,0,3976,3834,3760,3594,3610,3620,3947,3730,2446,3896,3776,3869,3900,3625,3775,3428,3942,3886,3804,3860,3910,3872,3802,3680,3685,3682,3611,3574,3657,3668,3708,POINT Z (608520 4831050 0)
806117,0.848071,3271,3726,3880,3470,3694,3517,3452,2933,3483,3730,3875,3806,3794,3752,0,3884,3808,3738,3482,3592,3540,3812,3707,2709,3902,3684,3882,3792,3643,3860,3570,3950,3850,3766,3813,3878,3899,3751,3800,3663,3640,3530,3536,3636,3626,3708,POINT Z (608550 4831050 0)
807060,0.852647,3746,3218,3945,3311,3737,3799,3376,3351,2751,4044,4051,3954,3774,2780,0,4118,3864,3964,3748,3854,3701,3660,3718,3242,3924,3724,3828,3839,3636,3829,3408,3944,3816,3812,3805,3873,3861,3844,3914,3724,3689,3582,3537,3648,3609,3702,POINT Z (608490 4831020 0)
807061,0.852582,3535,3404,3860,3358,3692,3582,3247,3185,3199,3873,3966,3888,3804,3254,0,4028,3908,3888,3660,3718,3649,3793,3768,3155,3944,3737,3868,3813,3693,3852,3541,3943,3918,3736,3802,3898,3860,3816,3832,3674,3629,3586,3560,3632,3594,3680,POINT Z (608520 4831020 0)
807062,0.853888,3409,3563,3831,3399,3618,3554,3255,2978,3534,3765,3891,3854,3786,3679,0,3946,3888,3808,3577,3678,3568,3846,3712,3451,3934,3738,3940,3902,3698,3842,3552,3943,3891,3809,3836,3887,3861,3763,3860,3682,3702,3604,3583,3675,3640,3727,POINT Z (608550 4831020 0)
827955,0.781354,3105,3826,3424,3387,3355,3195,3335,3422,2876,3592,3614,3864,3734,3494,3741,3886,3833,3814,3512,3674,3650,3794,3808,3796,3728,3370,3655,3588,3520,3708,3253,3639,3692,3620,3779,3486,3742,3779,3676,3767,3742,3558,3666,3804,3673,3785,POINT Z (601140 4830300 0)
827956,0.849405,3448,3857,3643,3504,3576,3518,3576,3346,3058,3673,3732,3814,3849,3572,3743,3936,3882,3879,3614,3745,3699,3872,3887,3818,3835,0,3713,3773,3678,3893,3457,3828,3938,3744,3819,3744,3894,3860,3736,3809,3788,3648,3764,3848,3744,3810,POINT Z (601170 4830300 0)
827957,0.862417,3602,3846,3848,3614,3731,3683,3744,3544,3349,3754,3757,3740,3878,3650,3776,3976,3924,3873,3688,3778,3736,3917,3821,3826,3850,0,3837,3876,3720,3892,3587,3857,3978,3814,3851,3755,3902,3866,3772,3813,3841,3743,3816,3886,3794,3862,POINT Z (601200 4830300 0)
828713,0.851758,3210,3784,3444,3352,3404,3342,3354,3311,2952,3556,3518,3810,3735,3527,3716,3858,3818,3754,3502,3628,3618,3754,3737,3702,3630,0,3688,3676,3578,3767,3394,3710,3814,3752,3807,3687,3874,3883,3744,3839,3663,3675,3765,3815,3728,3806,POINT Z (601140 4830270 0)
828714,0.869399,3561,3791,3666,3510,3596,3640,3614,3474,3164,3582,3620,3790,3826,3542,3761,3891,3850,3787,3624,3704,3697,3824,3755,3772,3803,0,3733,3769,3594,3816,3552,3796,3892,3806,3832,3680,3939,3911,3790,3831,3696,3664,3782,3883,3744,3774,POINT Z (601170 4830270 0)
828715,0.86706,3730,3765,3818,3605,3718,3601,3787,3665,3495,3585,3660,3734,3799,3584,3751,3917,3900,3860,3704,3748,3701,3892,3843,3852,3854,0,3842,3804,3732,3906,3579,3813,3950,3828,3853,3766,3967,3929,3852,3816,3749,3722,3806,3872,3794,3840,POINT Z (601200 4830270 0)
829455,0.872458,3290,3731,3523,3394,3420,3433,3392,3364,3013,3550,3450,3762,3744,3410,3634,3810,3806,3745,3514,3621,3620,3768,3759,3623,3583,0,3730,3674,3560,3802,3424,3769,3887,3725,3816,3722,3896,3966,3780,3860,3659,3686,3784,3871,3746,3745,POINT Z (601140 4830240 0)
829456,0.873626,3570,3711,3626,3534,3557,3562,3623,3494,3249,3547,3517,3732,3784,3440,3587,3850,3831,3769,3602,3674,3639,3784,3831,3668,3679,0,3775,3771,3642,3857,3521,3782,3932,3828,3853,3770,3954,3976,3856,3775,3712,3703,3798,3859,3774,3730,POINT Z (601170 4830240 0)
829457,0.865681,3733,3705,3733,3626,3683,3630,3787,3644,3580,3573,3581,3754,3834,3525,3790,3902,3883,3908,3712,3728,3636,3838,3852,3723,3641,0,3788,3837,3698,3876,3546,3723,3888,3884,3903,3745,3946,3982,3922,3930,3702,3716,3800,3814,3800,3758,POINT Z (601200 4830240 0)
943785,0.835666,2831,0,3602,3277,3269,3358,3229,3170,3473,3497,2781,3506,3109,3290,0,3718,3644,3605,3474,3514,3475,3658,3616,3610,3734,3737,3495,3671,3608,3791,3312,3701,3739,3734,3767,3660,3852,3660,3726,3668,3672,3676,3658,3691,3670,3686,POINT Z (606990 4824720 0)
943786,0.820904,2923,0,3636,3335,3332,3288,3307,3205,3409,3316,2744,3477,3638,3611,0,3724,3572,3531,3482,3493,3417,3665,3627,3651,3768,3771,3445,3634,3546,3789,3266,3679,3748,3666,3758,3730,3812,3664,3728,3769,3682,3646,3660,3695,3668,3717,POINT Z (607020 4824720 0)
943787,0.80083,2935,0,3582,3285,3231,3161,3258,3131,3187,3129,2649,3386,3601,3717,0,3696,3484,3482,3412,3434,3320,3612,3543,3608,3685,3643,3430,3562,3505,3783,3193,3568,3675,3630,3732,3558,3730,3583,3721,3713,3650,3635,3628,3645,3692,3657,POINT Z (607050 4824720 0)
944202,0.841477,3330,0,3812,3410,3588,3409,3630,3298,3052,3732,2664,3788,3761,3561,3277,3865,3616,3343,3405,3542,3461,3268,3460,3488,3816,3527,3198,3707,3483,3759,3111,3911,3787,3740,3753,3732,3805,3622,3791,3857,3584,3642,3570,3742,3493,3708,POINT Z (603690 4824690 0)
944203,0.844101,3239,0,3769,3346,3487,3452,3558,3265,2923,3709,2645,3759,3728,3613,3131,3806,3620,3333,3442,3560,3445,3528,3394,3546,3784,3618,3190,3691,3530,3814,3136,3895,3850,3772,3809,3726,3839,3653,3794,3943,3648,3718,3626,3783,3518,3744,POINT Z (603720 4824690 0)
944204,0.849582,3283,0,3752,3365,3457,3518,3523,3286,2871,3681,2673,3736,3716,3654,2667,3816,3654,3364,3498,3568,3473,3674,3538,3592,3835,3680,3182,3750,3571,3732,3107,3891,3824,3721,3816,3740,3833,3763,3788,3911,3636,3720,3590,3732,3468,3678,POINT Z (603750 4824690 0)
944312,0.843081,3064,0,3730,3408,3407,3458,3300,3293,3563,3534,2883,3588,3474,3456,0,3695,3674,3634,3388,3598,3452,3756,3541,3730,3760,3670,3528,3699,3500,3841,3240,3736,3724,3702,3786,3682,3790,3658,3690,3734,3612,3144,3559,3548,3578,3607,POINT Z (606990 4824690 0)
944313,0.843509,3165,0,3767,3474,3436,3432,3315,3337,3667,3447,2948,3637,3702,3730,0,3716,3744,3634,3419,3524,3409,3765,3541,3734,3844,3766,3516,3653,3514,3791,3089,3652,3686,3668,3802,3677,3815,3672,3715,3758,3640,3150,3554,3555,3595,3664,POINT Z (607020 4824690 0)
944314,0.844034,3209,0,3742,3443,3375,3378,3268,3309,3638,3364,2918,3564,3702,3789,0,3704,3720,3629,3378,3468,3385,3704,3594,3653,3838,3789,3500,3718,3547,3769,3177,3680,3782,3770,3826,3756,3890,3674,3859,3827,3688,3331,3636,3656,3716,3775,POINT Z (607050 4824690 0)
944727,0.841686,3356,0,3659,3244,3428,3430,3399,2893,3323,3567,2651,3750,3716,3624,3005,3782,3550,3308,3440,3554,3442,3434,3410,3606,3745,3615,3138,3716,3519,3773,2984,3843,3817,3735,3772,3714,3856,3592,3690,3876,3529,3623,3504,3668,3400,3683,POINT Z (603690 4824660 0)
944728,0.841876,3306,0,3746,3365,3396,3386,3470,3101,3314,3694,2713,3770,3742,3732,2793,3824,3640,3359,3462,3572,3478,3724,3422,3603,3768,3635,3208,3670,3506,3773,3092,3886,3864,3702,3778,3742,3760,3650,3732,3913,3586,3636,3506,3712,3414,3722,POINT Z (603720 4824660 0)
944729,0.841712,3261,0,3715,3378,3346,3409,3439,3242,3253,3659,2683,3700,3672,3698,2502,3750,3622,3344,3456,3527,3440,3757,3466,3595,3861,3706,3206,3716,3563,3775,3021,3868,3884,3758,3886,3758,3787,3667,3831,3862,3634,3698,3560,3731,3422,3784,POINT Z (603750 4824660 0)
944837,0.843389,3043,0,3631,3309,3318,3322,3131,3177,3456,3406,2813,3450,3358,3546,0,3538,3564,3537,3241,3492,3319,3633,3512,3454,3562,3661,3418,3633,3476,3724,3340,3786,3722,3720,3686,3674,3799,3680,3697,3755,3607,3128,3576,3512,3512,3648,POINT Z (606990 4824660 0)
944838,0.842859,3085,0,3606,3326,3293,3266,3079,3150,3493,3314,2878,3417,3527,3618,0,3535,3532,3450,3255,3422,3299,3556,3485,3530,3688,3630,3472,3571,3514,3686,3192,3685,3715,3660,3726,3618,3776,3648,3736,3735,3586,3106,3578,3560,3526,3658,POINT Z (607020 4824660 0)
944839,0.84514,3187,0,3651,3373,3325,3287,3123,3185,3591,3343,2943,3510,3618,3648,0,3526,3578,3474,3286,3468,3360,3598,3555,3552,3758,3734,3484,3647,3558,3821,3394,3805,3792,3770,3792,3720,3863,3702,3816,3817,3662,3240,3601,3590,3593,3702,POINT Z (607050 4824660 0)
945251,0.840072,3484,0,3719,3347,3465,3603,3229,2985,3511,3597,2811,3780,3706,3711,1873,3782,3692,3503,3538,3592,3604,3610,3541,3717,3887,3720,3329,3843,3620,3873,3199,3915,3908,3802,3730,3788,3895,3674,3800,3910,3580,3585,3571,3768,3425,3714,POINT Z (603690 4824630 0)
945252,0.837719,3355,0,3770,3450,3399,3483,3355,3083,3493,3719,2795,3796,3672,3745,1739,3798,3687,3446,3486,3628,3552,3807,3481,3614,3882,3729,3284,3772,3612,3900,3199,3876,3884,3776,3742,3758,3845,3708,3790,3892,3567,3622,3514,3686,3357,3684,POINT Z (603720 4824630 0)
945253,0.832212,3310,0,3779,3478,3399,3478,3425,3306,3487,3739,2785,3751,3666,3753,2035,3774,3694,3408,3477,3570,3510,3795,3469,3581,3888,3709,3309,3784,3614,3804,3189,3916,3945,3848,3863,3809,3841,3733,3809,3998,3654,3707,3588,3735,3342,3788,POINT Z (603750 4824630 0)
965402,0.829426,2936,0,3580,3285,3245,3238,3128,3170,3266,3387,2990,3518,3460,3568,2609,3463,3412,3538,3570,3310,3186,3616,3445,3621,3670,3661,3687,3624,3530,3792,3589,3852,3695,3669,3584,3779,3906,3647,3714,3762,3605,3565,3510,3631,3540,3625,POINT Z (607380 4823370 0)
965403,0.831813,3012,0,3660,3351,3300,3276,3157,3196,3329,3376,3005,3542,3506,3600,2673,3508,3418,3615,3664,3416,3278,3676,3484,3700,3710,3651,3806,3616,3636,3797,3698,3825,3742,3791,3733,3786,3843,3687,3796,3786,3766,3728,3652,3770,3647,3736,POINT Z (607410 4823370 0)
965404,0.833797,3223,0,3775,3491,3415,3518,3264,3265,3476,3436,3104,3704,3642,3672,2985,3656,3589,3741,3740,3512,3420,3834,3620,3847,3850,3784,3906,3731,3541,3854,3775,3909,3886,3710,3849,3828,3906,3764,3802,3836,3782,3717,3704,3823,3674,3712,POINT Z (607440 4823370 0)
965815,0.838891,2949,0,3629,3304,3273,3267,3154,3197,3253,3436,3037,3485,3478,3569,2095,3450,3362,3527,3523,3358,3181,3614,3410,3574,3608,3542,3733,3616,3511,3705,3552,3697,3666,3642,3578,3717,3858,3693,3768,3842,3688,3671,3626,3760,3646,3744,POINT Z (607380 4823340 0)
965816,0.840593,2904,0,3572,3259,3211,3175,3041,3095,3172,3287,2926,3367,3435,3506,2234,3348,3284,3495,3475,3244,3118,3558,3315,3644,3603,3588,3609,3560,3547,3825,3491,3661,3722,3569,3600,3634,3798,3636,3650,3832,3642,3605,3596,3786,3628,3674,POINT Z (607410 4823340 0)
965817,0.840056,3027,0,3609,3333,3237,3299,3031,3087,3235,3253,2901,3400,3456,3513,2299,3446,3370,3454,3447,3323,3148,3608,3348,3603,3582,3661,3660,3781,3622,3827,3539,3833,3784,3614,3632,3774,3830,3738,3684,3825,3624,3654,3640,3814,3644,3690,POINT Z (607440 4823340 0)
966225,0.847454,3080,0,3698,3352,3365,3405,3237,3228,3362,3517,3146,3515,3528,3613,2788,3498,3381,3604,3528,3478,3214,3656,3434,3536,3639,3501,3738,3714,3588,3809,3669,3831,3721,3726,3726,3852,3898,3655,3784,3850,3725,3719,3684,3798,3722,3770,POINT Z (607380 4823310 0)
966226,0.845497,2988,0,3617,3322,3296,3314,3095,3111,3256,3359,3015,3411,3504,3500,2686,3366,3312,3467,3412,3332,3132,3564,3402,3667,3628,3639,3630,3554,3453,3818,3578,3781,3718,3594,3670,3698,3854,3689,3732,3860,3666,3619,3630,3781,3668,3706,POINT Z (607410 4823310 0)
966227,0.843015,3110,0,3712,3468,3371,3401,3110,3189,3371,3382,3017,3472,3480,3544,2368,3452,3405,3540,3406,3404,3240,3686,3470,3753,3708,3662,3678,3665,3499,3725,3497,3805,3678,3552,3610,3701,3848,3589,3678,3774,3634,3638,3638,3752,3644,3686,POINT Z (607440 4823310 0)
969166,0.821725,3132,0,4008,3313,3502,3523,3420,3161,3682,3772,3496,3814,3853,3750,0,3911,3768,3855,3568,3652,3664,3934,3708,3830,4002,3834,3865,3383,3638,3900,3814,3854,3935,3870,3926,3949,4004,3867,3910,3956,3687,3788,3817,3878,3518,3868,POINT Z (607920 4823100 0)
969167,0.826768,3244,0,4015,3464,3593,3696,3469,3148,3762,3720,3536,3812,3790,3776,0,3902,3698,3862,3568,3688,3632,3916,3673,3806,3976,3813,3899,3388,3625,3866,3806,3902,3957,3850,3917,3954,4017,3918,3902,3929,3710,3813,3772,3860,3500,3888,POINT Z (607950 4823100 0)
969168,0.831706,3292,0,3921,3622,3596,3769,3519,3249,3837,3603,3600,3786,3850,3819,0,3833,3716,3844,3708,3658,3612,3968,3716,3836,3912,3870,3977,3462,3676,3924,3782,3924,3930,3882,3967,4019,4048,3891,3890,3847,3712,3788,3790,3848,3495,3860,POINT Z (607980 4823100 0)
969580,0.816459,3366,0,4141,3447,3270,3441,3262,2748,3447,3481,3188,3694,3780,3748,0,3916,3766,3918,3367,3526,3651,3881,3590,3798,3957,3867,3852,3494,3654,3893,3752,4002,3910,3852,3912,3877,3933,3908,3873,3990,3672,3790,3802,3849,3368,3902,POINT Z (607920 4823070 0)
969581,0.811388,3463,0,4152,3522,3287,3648,3360,2714,3488,3415,3249,3744,3714,3784,0,3866,3794,3873,3424,3488,3652,3884,3612,3768,3949,3758,3831,3393,3630,3906,3786,3885,3891,3931,3964,3928,4036,3876,3914,3950,3678,3799,3816,3834,3246,3899,POINT Z (607950 4823070 0)
969582,0.81358,3518,0,4120,3757,3408,3785,3523,3001,3669,3228,3384,3738,3808,3882,0,3853,3856,3905,3568,3556,3680,3993,3521,3810,3936,3812,3832,3487,3621,3814,3742,3905,3953,3892,3991,3906,4043,3908,3924,3913,3754,3820,3810,3856,3219,3906,POINT Z (607980 4823070 0)
969994,0.823607,3645,0,3985,3369,3249,3670,3108,2665,3908,3089,3015,3518,3532,3850,0,3886,3751,3930,3203,3546,3641,3907,3785,3830,3958,3781,3825,3612,3639,3910,3732,3794,3928,3798,3922,3848,3899,3892,3864,3919,3764,3749,3730,3822,3354,3796,POINT Z (607920 4823040 0)
969995,0.802786,3811,0,4064,3542,3274,3836,3198,2714,4055,3076,3114,3572,3552,3908,0,3892,3780,3930,3344,3538,3683,3914,3604,3804,3974,3790,3852,3597,3640,3961,3772,3809,3863,3938,4018,3923,4024,3877,3859,3955,3816,3867,3815,3872,3346,3878,POINT Z (607950 4823040 0)
969996,0.760471,3874,0,4098,3803,3389,4012,3322,2936,4124,2908,3242,3618,3584,3954,0,3814,3829,3960,3546,3532,3728,3936,3563,3842,3901,3775,3773,3539,3640,3782,3730,3736,3903,3871,3949,3866,3943,3745,3838,3825,3752,3726,3738,3734,3225,3748,POINT Z (607980 4823040 0)
978069,0.845246,3153,0,3833,3415,3544,3556,3223,2960,3748,3665,3190,3635,3752,3429,0,3728,3540,3717,3638,3612,3584,3842,3635,3777,3805,3706,3845,3706,3756,3832,3649,3851,3912,3708,3842,3724,3827,3731,3689,3830,3684,3438,3530,3630,3574,3666,POINT Z (607290 4822470 0)
978070,0.846863,3268,0,3812,3361,3556,3545,3317,3039,3719,3659,3073,3607,3728,3422,0,3698,3562,3720,3603,3591,3534,3795,3608,3728,3772,3715,3758,3663,3741,3810,3590,3729,3880,3658,3803,3683,3831,3790,3700,3816,3703,3470,3600,3695,3629,3704,POINT Z (607320 4822470 0)
978071,0.844087,3372,0,3841,3401,3599,3606,3408,3190,3716,3677,3092,3685,3752,3539,0,3728,3577,3802,3605,3650,3512,3782,3606,3742,3750,3775,3766,3782,3694,3890,3706,3828,3965,3732,3903,3830,3885,3850,3717,3827,3710,3531,3624,3711,3656,3716,POINT Z (607350 4822470 0)
978500,0.838135,3120,0,3731,3228,3375,3392,2835,2727,3620,3470,2958,3468,3580,3348,0,3620,3392,3657,3571,3494,3407,3710,3526,3666,3743,3567,3745,3652,3627,3854,3674,3761,3774,3535,3779,3674,3818,3725,3650,3728,3626,3336,3436,3473,3412,3542,POINT Z (607290 4822440 0)
978501,0.841752,3336,0,3782,3359,3516,3510,3183,2959,3700,3606,3009,3661,3684,3430,0,3726,3514,3716,3672,3604,3478,3813,3622,3668,3763,3680,3785,3684,3644,3797,3666,3748,3822,3544,3817,3674,3824,3778,3706,3738,3672,3430,3604,3623,3532,3572,POINT Z (607320 4822440 0)
978502,0.845332,3418,0,3806,3372,3561,3566,3351,3112,3688,3637,3065,3732,3750,3540,0,3776,3555,3710,3615,3684,3483,3788,3634,3730,3764,3742,3860,3784,3652,3839,3681,3850,3928,3612,3897,3794,3880,3813,3749,3906,3744,3516,3678,3743,3674,3689,POINT Z (607350 4822440 0)
978930,0.835653,3337,0,3895,3242,3458,3493,2700,2762,3634,3573,3005,3412,3580,3394,0,3694,3493,3816,3608,3646,3556,3782,3646,3742,3797,3649,3858,3629,3740,3763,3313,3833,3842,3552,3738,3699,3848,3857,3712,3754,3664,3624,3587,3677,3562,3642,POINT Z (607290 4822410 0)
978931,0.841305,3353,0,3807,3330,3428,3487,3066,2927,3607,3601,3002,3552,3604,3364,0,3657,3450,3734,3524,3536,3500,3767,3598,3793,3828,3651,3818,3625,3605,3766,3394,3702,3856,3526,3814,3645,3799,3721,3616,3791,3667,3614,3620,3713,3604,3711,POINT Z (607320 4822410 0)
978932,0.848206,3433,0,3868,3485,3522,3608,3376,3124,3679,3684,3132,3704,3720,3469,0,3742,3547,3713,3491,3587,3558,3830,3722,3848,3868,3777,3855,3745,3691,3888,3428,3826,3984,3630,3948,3808,3899,3794,3738,3904,3828,3755,3699,3813,3710,3768,POINT Z (607350 4822410 0)
987704,0.824167,3036,0,3540,3091,1857,2621,2761,2259,3047,3341,3084,3560,3018,2541,3187,3522,3472,3178,3146,3338,3412,3636,3416,3465,3678,0,3260,3614,3435,3730,3363,3884,3814,3799,3780,3718,3836,3772,3818,3694,3563,3429,3423,3408,3436,3496,POINT Z (606090 4821780 0)
987705,0.822598,2925,0,3457,2907,2407,2838,2842,2592,3029,3260,2833,3380,2869,2728,3007,3390,3408,3025,3135,3256,3284,3392,3346,3474,3587,0,3530,3570,3350,3677,3282,3824,3748,3720,3706,3630,3711,3694,3724,3630,3582,3318,3294,3265,3348,3433,POINT Z (606120 4821780 0)
987706,0.811366,3028,0,3553,3011,2953,3020,3074,3017,3078,3351,2879,3371,3017,3002,3019,3336,3347,3068,3133,3358,3292,3613,3430,3531,3552,0,3534,3589,3351,3576,3300,3820,3764,3694,3722,3634,3699,3695,3764,3743,3612,3328,3356,3318,3416,3498,POINT Z (606150 4821780 0)
988109,0.832123,2997,0,3451,3133,1696,2784,2777,2271,2993,3337,3092,3586,2923,2696,3236,3509,3526,3182,3188,3364,3462,3682,3508,3521,3664,0,3681,3670,3568,3770,3419,3980,3924,3781,3830,3738,3851,3795,3881,3771,3745,3568,3564,3570,3502,3616,POINT Z (606090 4821750 0)
988110,0.833399,3001,0,3528,3062,2333,3026,2996,2561,3174,3378,2962,3494,2844,3031,3198,3599,3531,3091,3234,3394,3390,3625,3434,3538,3717,0,3629,3615,3411,3732,3344,3903,3851,3733,3743,3697,3831,3810,3788,3741,3588,3568,3598,3554,3501,3616,POINT Z (606120 4821750 0)
988111,0.839857,2956,0,3515,2971,2756,2946,3060,2785,3052,3293,2794,3284,2732,3174,3033,3242,3327,2917,3048,3425,3258,3526,3384,3425,3567,0,3515,3516,3457,3574,3197,3829,3761,3574,3625,3667,3707,3705,3769,3781,3541,3515,3549,3377,3430,3524,POINT Z (606150 4821750 0)
988513,0.837295,3000,0,3438,3099,1889,2788,2883,2276,3495,3386,3159,3640,2981,2940,3320,3628,3558,3218,3230,3394,3443,3732,3499,3575,3740,0,3784,3728,3593,3742,3380,3948,3887,3770,3795,3720,3918,3835,3898,3849,3726,3595,3620,3627,3526,3614,POINT Z (606090 4821720 0)
988514,0.836819,3071,0,3639,3203,2552,3204,3203,2633,3378,3477,3073,3541,2925,3194,3309,3738,3656,3227,3275,3492,3460,3730,3556,3595,3758,0,3699,3656,3634,3758,3372,3935,3915,3757,3801,3752,3898,3833,3836,3717,3707,3658,3676,3663,3458,3655,POINT Z (606120 4821720 0)
988515,0.837188,3196,0,3812,3294,3095,3356,3404,2973,3407,3536,2982,3474,2930,3422,3258,3654,3551,3196,3121,3667,3424,3800,3630,3649,3840,0,3781,3752,3561,3759,3380,3953,3897,3810,3812,3697,3814,3820,3833,3743,3676,3618,3631,3580,3298,3638,POINT Z (606150 4821720 0)
989570,0.81972,3211,0,3391,3263,3469,3383,3121,3056,3261,3613,2812,3754,3552,3504,3431,3857,3814,3334,3738,3651,3616,3867,3724,3827,3966,0,3913,3800,3654,3782,3046,3859,3506,3624,3689,3668,3770,3428,3807,3807,3705,3672,3752,3720,3127,3765,POINT Z (602550 4821630 0)
989571,0.831178,3128,0,3493,3267,3460,3571,3361,3047,3173,3525,2715,3749,3650,3424,3377,3872,3826,3457,3713,3622,3624,3802,3700,3786,3906,0,3933,3802,3634,3787,2974,3856,3576,3434,3692,3721,3781,3520,3786,3784,3714,3658,3698,3679,3134,3676,POINT Z (602580 4821630 0)
989572,0.828488,3194,0,3618,3326,3483,3592,3533,3151,3228,3581,2704,3764,3740,3464,3511,3880,3880,3588,3774,3696,3650,3826,3744,3830,3989,0,4053,3884,3701,3819,3054,3887,3665,3587,3762,3740,3812,3567,3808,3853,3750,3726,3744,3783,3034,3673,POINT Z (602610 4821630 0)
989958,0.810858,3319,0,3444,3413,3587,3349,3123,3251,3351,3753,2873,3729,3520,3468,3506,3822,3895,3301,3792,3708,3644,3914,3762,3854,3948,0,3957,3812,3695,3746,3157,3978,3588,3572,3710,3752,3793,3355,3804,3882,3724,3716,3774,3802,3265,3887,POINT Z (602550 4821600 0)
989959,0.821306,3191,0,3541,3351,3506,3566,3326,3134,3298,3614,2729,3757,3589,3425,3466,3902,3870,3444,3728,3677,3662,3865,3776,3800,3963,0,3938,3818,3704,3793,3053,3927,3640,3430,3759,3682,3857,3445,3752,3828,3768,3800,3780,3809,3077,3830,POINT Z (602580 4821600 0)
989960,0.823802,3238,0,3672,3386,3517,3689,3492,3164,3361,3639,2708,3814,3692,3480,3484,3947,3884,3580,3780,3712,3696,3916,3785,3866,3942,0,4019,3892,3677,3830,3168,3958,3723,3615,3798,3738,3839,3611,3856,3872,3884,3917,3832,3952,3008,3928,POINT Z (602610 4821600 0)
990346,0.786517,3449,0,3483,3545,3708,3252,3154,3366,3470,3918,2943,3752,3491,3505,3321,3763,3988,3297,3823,3801,3653,3991,3760,3775,3967,0,3866,3794,3638,3746,3155,3918,3586,3708,3734,3702,3875,3464,3864,3890,3658,3518,3524,3559,3077,3708,POINT Z (602550 4821570 0)
990347,0.80144,3274,0,3556,3439,3537,3535,3179,3193,3410,3729,2745,3771,3484,3426,3479,3861,3898,3379,3738,3685,3618,3932,3736,3775,3924,0,3893,3789,3627,3761,3115,3958,3635,3592,3724,3664,3889,3484,3832,3882,3708,3666,3682,3712,3042,3716,POINT Z (602580 4821570 0)
990348,0.807037,3268,0,3683,3433,3503,3750,3268,3160,3458,3686,2674,3832,3617,3464,3478,3904,3868,3474,3739,3680,3618,3934,3746,3783,3960,0,3947,3802,3640,3845,3126,3943,3691,3626,3776,3738,3807,3592,3854,3882,3781,3796,3763,3816,3056,3830,POINT Z (602610 4821570 0)
1018330,0.820553,2623,0,3531,2814,3354,2885,3257,2936,2956,3829,2865,3560,3820,3123,3408,3736,3589,3704,3690,3632,3713,3630,3626,3712,3445,3720,3711,3738,3634,3812,3669,3891,3765,3784,3860,3638,3898,3986,3836,3882,3752,3580,3746,3756,3485,3684,POINT Z (612000 4819230 0)
1018331,0.831193,2710,0,3628,2976,3449,3194,3350,2968,3055,3632,2856,3605,3766,3234,3543,3800,3664,3772,3669,3659,3732,3722,3556,3714,3404,3782,3597,3727,3678,3873,3706,3898,3748,3762,3806,3656,3852,3916,3812,3916,3732,3614,3738,3744,3524,3743,POINT Z (612030 4819230 0)
1018332,0.827013,2817,0,3571,3155,3423,3338,3301,2904,3217,3359,2845,3507,3641,3348,3306,3724,3604,3737,3562,3606,3586,3697,3652,3634,3226,3673,3635,3757,3720,3896,3814,3858,3772,3708,3844,3626,3884,4010,3794,3966,3783,3728,3775,3769,3556,3698,POINT Z (612060 4819230 0)
1018591,0.819314,2902,0,3671,3191,3537,3334,3375,3077,3292,3675,2899,3696,3870,3354,3569,3882,3749,3837,3710,3722,3856,3824,3700,3773,3358,3826,3741,3776,3762,3872,3678,3904,3779,3863,3828,3664,3904,3980,3864,3976,3768,3676,3774,3780,3566,3730,POINT Z (612000 4819200 0)
1018592,0.81909,3014,0,3699,3343,3579,3611,3404,3083,3456,3506,2861,3723,3848,3430,3610,3902,3693,3844,3682,3778,3854,3881,3680,3831,3432,3863,3751,3722,3768,3875,3692,3926,3834,3837,3905,3756,3982,3999,3890,3990,3794,3653,3760,3770,3546,3808,POINT Z (612030 4819200 0)
1018593,0.811634,3114,0,3604,3412,3498,3651,3320,2999,3568,3352,2868,3621,3733,3417,3560,3791,3592,3792,3627,3638,3648,3821,3620,3832,3322,3742,3711,3608,3641,3842,3530,3804,3753,3666,3782,3589,3910,4004,3770,3966,3719,3613,3740,3761,3553,3706,POINT Z (612060 4819200 0)
1018849,0.799046,3114,0,3638,3410,3505,3487,3312,3131,3659,3397,2700,3603,3853,3420,3557,3828,3628,3810,3619,3712,3862,3862,3652,3856,3336,3791,3854,3753,3767,3860,3706,3906,3786,3824,3850,3693,3926,3880,3824,3999,3713,3642,3682,3686,3369,3640,POINT Z (612000 4819170 0)
1018850,0.795151,3101,0,3515,3408,3405,3369,3179,3017,3557,3229,2595,3554,3727,3431,3401,3744,3552,3738,3668,3596,3746,3778,3600,3842,3196,3729,3768,3750,3773,3870,3703,3923,3802,3834,3875,3760,3914,3891,3889,4000,3740,3644,3703,3646,3359,3658,POINT Z (612030 4819170 0)
1018851,0.78784,3054,0,3342,3310,3214,3250,2982,2874,3348,3141,2582,3486,3584,3337,3265,3633,3487,3630,3556,3416,3596,3682,3639,3721,3067,3672,3642,3513,3644,3762,3544,3796,3692,3658,3736,3658,3808,3752,3817,3908,3659,3588,3647,3600,3318,3500,POINT Z (612060 4819170 0)
1025582,0.84938,3547,0,4108,3653,3750,3809,3616,3251,3905,3885,3584,3910,3922,3465,3690,3932,3974,3946,3240,3570,3520,3839,3708,3792,3890,0,2982,3717,3497,3798,3302,3808,3596,3753,3671,3828,3673,3608,3772,3613,3355,3354,3400,3672,3638,3698,POINT Z (606900 4818330 0)
1025583,0.851022,3420,0,3979,3607,3655,3730,3510,3476,3806,3718,3459,3858,3904,3342,3707,3919,3970,3847,3256,3612,3588,3949,3706,3792,3900,0,3010,3652,3528,3753,3309,3864,3697,3775,3702,3820,3690,3672,3864,3723,3336,3344,3444,3698,3660,3704,POINT Z (606930 4818330 0)
1025584,0.850334,3386,0,3899,3578,3624,3698,3543,3480,3737,3706,3404,3842,3870,3356,3678,3924,3989,3680,3253,3672,3610,3960,3732,3812,3838,0,3054,3630,3518,3738,3312,3864,3698,3762,3688,3839,3638,3686,3776,3677,3400,3384,3440,3698,3664,3703,POINT Z (606960 4818330 0)
1025816,0.848586,3832,0,4290,3933,3946,4043,3817,3552,4126,4071,3835,4020,4050,3522,3684,3997,4016,3782,3195,3392,3334,3756,3674,3798,3799,0,2940,3676,3364,3751,3311,3721,3566,3728,3628,3720,3681,3620,3736,3659,3294,3374,3375,3640,3610,3519,POINT Z (606900 4818300 0)
1025817,0.850945,3657,0,4095,3792,3782,3887,3653,3615,3967,3812,3649,3931,3967,3398,3702,3948,3970,3788,3246,3400,3482,3838,3705,3785,3839,0,3042,3654,3492,3761,3509,3749,3612,3748,3616,3724,3688,3627,3754,3638,3352,3360,3396,3628,3596,3608,POINT Z (606930 4818300 0)
1025818,0.850074,3541,0,3974,3690,3683,3822,3628,3530,3844,3733,3497,3884,3900,3428,3666,3920,3908,3630,3200,3564,3540,3888,3686,3766,3816,0,3062,3674,3452,3784,3490,3790,3612,3662,3617,3668,3567,3602,3736,3664,3330,3384,3371,3632,3584,3636,POINT Z (606960 4818300 0)
1026049,0.832525,4277,0,4650,4356,4345,4479,4235,4019,4532,4429,4262,4238,4217,3706,3674,4146,4000,3422,3104,3147,3000,3448,3618,3652,3776,0,2840,3624,3344,3782,3337,3742,3374,3642,3665,3616,3615,3676,3669,3523,3421,3466,3408,3550,3470,3388,POINT Z (606900 4818270 0)
1026050,0.851475,4030,0,4369,4104,4082,4204,3990,3840,4315,4090,3963,4150,4126,3666,3669,4056,3926,3610,3139,3133,3273,3794,3659,3726,3850,0,2975,3582,3326,3708,3379,3674,3521,3642,3620,3595,3550,3696,3688,3466,3322,3354,3392,3618,3528,3348,POINT Z (606930 4818270 0)
1026051,0.840003,3898,0,4253,3956,3939,4029,3897,3708,4213,3955,3719,4034,4054,3624,3704,3989,3964,3672,3188,3586,3542,3820,3655,3822,3823,0,3024,3689,3381,3762,3409,3813,3632,3632,3596,3642,3694,3712,3706,3587,3280,3408,3336,3564,3574,3487,POINT Z (606960 4818270 0)
